index,url,valid,domain,title,description,image,published,archive,content,quote,language,keyword
https://www.welt.de/geschichte/article6a86c6bfe532e82cc4f2b85c/otto-der-grosse-der-kaiser-der-das-alte-reich-der-deutschen-schuf-muss-fuerchterlich-gelitten-haben.html,https://www.welt.de/geschichte/article6a86c6bfe532e82cc4f2b85c/otto-der-grosse-der-kaiser-der-das-alte-reich-der-deutschen-schuf-muss-fuerchterlich-gelitten-haben.html,0,www.welt.de,"Der Kaiser, der das Alte Reich der Deutschen schuf, muss fürchterlich gelitten haben","Als Otto I. 973 starb, hatte er mit seinen Siegen über Ungarn, Slawen und Dänen das fränkische Kaisertum restituiert. Nach der Sanierung seines Grabmals werden seine sterblichen Überreste wieder im Magdeburger Dom bestattet.",https://images.welt.de/6a86c6bfe532e82cc4f2b85c/1b2b18b5f8136c335b1c4feffb9a0382-master/ci16x9-w1200/582621560-jpg,2026-09-01T04:31:54Z,,"Als Otto I. 973 starb, hatte er mit seinen Siegen über Ungarn, Slawen und Dänen das fränkische Kaisertum restituiert. Nach der Sanierung seines Grabmals werden seine sterblichen Überreste wieder im M… [+6346 chars]",,de,'Sanierung'
https://www.zeit.de/news/2026-09/01/wadephul-setzt-auf-algerien-als-partner-fuer-gaslieferungen,https://www.zeit.de/news/2026-09/01/wadephul-setzt-auf-algerien-als-partner-fuer-gaslieferungen,0,www.zeit.de,Gasspeicher: Wadephul setzt auf Algerien als Partner für Gaslieferungen,Hier finden Sie Informationen zu dem Thema „Gasspeicher“. Lesen Sie jetzt „Wadephul setzt auf Algerien als Partner für Gaslieferungen“.,https://img.zeit.de/news/2026-09/01/wadephul-setzt-auf-algerien-als-partner-fuer-gaslieferungen-image-group/wide__1300x731,2026-09-01T08:22:47Z,,"Gas aus Algerien könnte nach Ansicht von Außenminister Johann Wadephul langfristig dabei helfen, die Gasspeicher in Deutschland zu füllen. «Diversifizierung ist absolut das Gebot der Stunde», sagte d… [+1776 chars]",,de,'Gasspeicher'
https://www.tagesspiegel.de/wirtschaft/gasspeicher-wadephul-setzt-auf-algerien-als-partner-fur-gaslieferungen-16003014.html,https://www.tagesspiegel.de/wirtschaft/gasspeicher-wadephul-setzt-auf-algerien-als-partner-fur-gaslieferungen-16003014.html,0,www.tagesspiegel.de,Gasspeicher: Wadephul setzt auf Algerien als Partner für Gaslieferungen,"Die Füllstände der deutschen Gasspeicher sind niedrig. Außenminister Wadephul bemüht sich bei seiner Reise nach Nordafrika, neue und verlässliche Gaslieferanten für Deutschland zu finden.",https://www.tagesspiegel.de/images/16003013/alternates/BASE_16_9_W1400/1788251036000/au-enminister-wadephul-besucht-algerien.jpeg,2026-09-01T08:23:56Z,,"Gas aus Algerien könnte nach Ansicht von Außenminister Johann Wadephul langfristig dabei helfen, die Gasspeicher in Deutschland zu füllen. Diversifizierung ist absolut das Gebot der Stunde, sagte der… [+1828 chars]",,de,'Gasspeicher'
https://www.zeit.de/news/2026-09/01/solar-ueberholt-kohle-erstmals-als-groesste-stromquelle-chinas,https://www.zeit.de/news/2026-09/01/solar-ueberholt-kohle-erstmals-als-groesste-stromquelle-chinas,0,www.zeit.de,Erneuerbare Energien: Solar überholt Kohle erstmals als größte Stromquelle Chinas,Hier finden Sie Informationen zu dem Thema „Erneuerbare Energien“. Lesen Sie jetzt „Solar überholt Kohle erstmals als größte Stromquelle Chinas“.,https://img.zeit.de/news/2026-09/01/solar-ueberholt-kohle-erstmals-als-groesste-stromquelle-chinas-image-group/wide__1300x731,2026-09-01T08:34:17Z,,"Solaranlagen haben in China erstmals Kohle als größte Stromquelle abgelöst. Wie die Energiebehörde des Landes mitteilte, waren Photovoltaikanlagen Stand Ende Juli mit 1.286 Gigawatt installierter Lei… [+1448 chars]",,de,'Kohle'
https://www.zeit.de/arbeit/2026-08/work-life-balance-berufe-jobs-studie,https://www.zeit.de/arbeit/2026-08/work-life-balance-berufe-jobs-studie,0,www.zeit.de,"Work-Life-Balance: Zehn Berufe, bei denen die Work-Life-Balance stimmt","Vollzeit und Kinder? In vielen Jobs arbeitet man so viel, dass Familie und Hobbys zu kurz kommen. Doch es geht auch anders, wie eine neue Studie zeigt.",https://img.zeit.de/arbeit/2026-08/work-life-balance-berufe-jobs-studie-bild/wide__1300x731,2026-09-01T09:11:38Z,,"Schließen
Artikelzusammenfassung
Diese zehn Berufe versprechen mehr Luft im Alltag. Die Auswertung des Instituts für Arbeitsmarkt- und Berufsforschung zeigt zunächst, dass vor allem IT, Programmier… [+1119 chars]",,de,'Kinder'
https://www.zeit.de/news/2026-09/01/pixi-buecher-erklaeren-cybersicherheit-fuer-kinder,https://www.zeit.de/news/2026-09/01/pixi-buecher-erklaeren-cybersicherheit-fuer-kinder,0,www.zeit.de,Kinderbuch: Pixi-Bücher erklären Cybersicherheit für Kinder,Hier finden Sie Informationen zu dem Thema „Kinderbuch“. Lesen Sie jetzt „Pixi-Bücher erklären Cybersicherheit für Kinder“.,https://img.zeit.de/news/2026-09/01/pixi-buecher-erklaeren-cybersicherheit-fuer-kinder-image-group/wide__1300x731,2026-09-01T10:54:59Z,,"Cybersicherheit, Messengerdienste, IT-Angriffe: Das kann nicht nur für Grundschüler schwere Kost sein. Wie sieht zum Beispiel der Alltag von Forschern in diesen Bereichen aus, wo landen versendete Ha… [+796 chars]",,de,'Kinder'
https://www.focus.de/finanzen/news/erst-putin-jetzt-trump-ueber-90-prozent-us-lngg-experten-warnen-vor-deutschlands-neuer-gas-abhaengigkeit-unter-trump_4e691431-7808-416c-8e33-7ad7aef76ec1.html,https://www.focus.de/finanzen/news/erst-putin-jetzt-trump-ueber-90-prozent-us-lngg-experten-warnen-vor-deutschlands-neuer-gas-abhaengigkeit-unter-trump_4e691431-7808-416c-8e33-7ad7aef76ec1.html,0,www.focus.de,"Erst Putin, jetzt Trump: Über 90 Prozent US-LNGG – Experten warnen vor Deutschlands neuer Gas-Abhängigkeit unter Trump","Deutschland bezieht immer mehr LNG aus den USA. Russland zeigt, welche Risiken eine neue Gas-Abhängigkeit birgt.","https://quadro.burda-forward.de/ctf/dd7f8feb-de62-4690-9c27-869aa31a775e.8b558521-6d22-4662-9aea-60c4aef550a0.jpeg?im=RegionOfInterestCrop=(1200,630),regionOfInterest=(1898,754)&hash=e2e53cb41305483c956f857dcd3bd05e98180818a00ba09d342f0ca7389e4f45",2026-09-01T11:32:00Z,,Deutschland hat Putins Gashahn mit Schmerzen überstanden doch die Geschichte der deutschen Gasabhängigkeit ist damit nicht vorbei. Vier Jahre nach dem russischen Angriff auf die Ukraine kommt ein gro… [+5927 chars],,de,'Gasspeicher'
https://www.dw.com/de/johann-wadephul-deutschland-algerien-erdgas-energie/a-78620746,https://www.dw.com/de/johann-wadephul-deutschland-algerien-erdgas-energie/a-78620746,0,www.dw.com,Wadephul sieht Algerien als Energie-Retter für Deutschland,"Die deutschen Gasspeicher sind halbleer - was wenige Monate vor dem Winter vielerorts Sorgen auslöst. Der Bundesaußenminister hofft auf Hilfe aus dem Maghreb. Erdgas aus Algerien könnte nach Ansicht von Außenminister Johann Wadephul langfristig dabei helfen, …",https://static.dw.com/image/78584547_6.jpg,2026-09-01T14:23:00Z,,"Erdgas aus Algerien könnte nach Ansicht von Außenminister Johann Wadephul langfristig dabei helfen, die Gasspeicher in Deutschland zu füllen. ""Diversifizierung ist absolut das Gebot der Stunde"", sagt… [+2045 chars]",,de,'Gasspeicher'
https://www.tagesspiegel.de/berlin/bezirke/steglitz-zehlendorf/die-lehren-aus-dem-grossen-berliner-blackout-was-wenn-bei-100000-leuten-die-klospulungen-nicht-funktionieren-16004656.html,https://www.tagesspiegel.de/berlin/bezirke/steglitz-zehlendorf/die-lehren-aus-dem-grossen-berliner-blackout-was-wenn-bei-100000-leuten-die-klospulungen-nicht-funktionieren-16004656.html,0,www.tagesspiegel.de,"Die Lehren aus dem großen Berliner Blackout: „Was, wenn bei 100.000 Leuten die Klospülungen nicht funktionieren?“",Der große Stromausfall liegt neun Monate zurück – jetzt zieht das örtliche Deutsche Rote Kreuz Bilanz und hat vier Wünsche. Wie gut ist der Berliner Südwesten für neue Krisen gewappnet?,https://www.tagesspiegel.de/images/15532896/alternates/BASE_16_9_W1400/1788269079000/kein-strom-keine-heizung-am-samstag-3-1-2026-musste-das-diakonie-hospiz-wannsee-aufgrund-des-anschlags-auf-das-berliner-stromnetz-evakuiert-werden-die-13-schwer-kranken-gaste-des-hospizes-wurden-in-das-immanuel-krankenhaus-in-berlin-wannsee-gebracht-weil-das-stammhaus-des-hospizes-in-wannsee-neu-gebaut-wird-ist-das-hospiz-aktuell-in-einem-interimsstandort-im-domicil-seniorenheim-in-der-furstenstra-e-in-zehlendorf-untergebracht-am-7-1-2026-konnten-die-gaste-zuruck-nach-zehlendorf-ziehen-eine-gro-e-belastung-fur-die-kranken-menschen.jpeg,2026-09-01T15:11:44Z,,"Herr Höringklee, seit dem größten Stromausfall in Berlin seit dem Ende des Zweiten Weltkriegs sind neun Monate vergangen: Was hat das Deutsche Rote Kreuz in Steglitz-Zehlendorf aus dem Blackout geler… [+361 chars]",,de,'Blackout'
https://www.zeit.de/2026/37/demokratiebildung-grundschule-mitbestimmung-kinderkonferenz-hamburg-regine-seemann,https://www.zeit.de/2026/37/demokratiebildung-grundschule-mitbestimmung-kinderkonferenz-hamburg-regine-seemann,0,www.zeit.de,Demokratiebildung an Grundschulen: 60.000 Euro. Was machen wir damit?,"Schulen sollen Kinder an die Demokratie heranführen, heißt es oft, gerade mit Blick auf die Landtagswahlen. In Hamburg zeigt eine, wie das gehen könnte.",https://img.zeit.de/2026/37/60-000-euro-was-machen-wir-damit-bild-1/wide__1300x731,2026-09-01T16:14:01Z,,"Schließen
Artikelzusammenfassung
Ein Junge greift zum Mikrofon und zeigt sofort, warum diese Hamburger Grundschule ausgezeichnet wurde. Seit 26 Jahren leitet Regine Seemann die Schule An der Burgwe… [+1115 chars]",,de,'Kinder'
https://www.tagesschau.de/inland/innenpolitik/sabotage-umspannwerk-brandenburg-100.html,https://www.tagesschau.de/inland/innenpolitik/sabotage-umspannwerk-brandenburg-100.html,0,www.tagesschau.de,Kurzschlüsse nahe Kohlekraftwerk: Sabotage sollte wohl Blackout auslösen,"In Brandenburg haben Unbekannte mit selbstgebauten Flugkörpern Kurzschlüsse an einer Hochspannungsleitung verursacht. Zu einem Stromausfall kam es nicht, aber Brandenburgs Innenminister warnt: ""Das war kein Kinderstreich.""",https://images.tagesschau.de/image/e06b4d94-f74c-4ab3-8d1a-affba14f4db0/AAABoF5ahqM/AAABnSSvrFg/16x9-big/polizei-leitungen-umspannwerk-102.jpg?width=1280,2026-09-01T19:09:43Z,,"Stand: 01.09.2026 21:09 Uhr
In Brandenburg haben Unbekannte mit selbstgebauten Flugkörpern Kurzschlüsse an einer Hochspannungsleitung verursacht. Zu einem Stromausfall kam es nicht, aber Brandenburg… [+3408 chars]",,de,'Blackout'
https://www.zeit.de/wirtschaft/2026-09/europaeischer-gaspreis-ttf-boerse-niederlande-usa-iran,https://www.zeit.de/wirtschaft/2026-09/europaeischer-gaspreis-ttf-boerse-niederlande-usa-iran,0,www.zeit.de,Gasversorgung: Gaspreis erreicht in Europa höchsten Wert seit mehr als drei Jahren,Nach der jüngsten Eskalation im Irankrieg sind die Gaspreise stark gestiegen. Neben der Sorge vor Lieferunterbrechungen verschärfen geringe Speicherstände die Lage.,https://img.zeit.de/wirtschaft/2026-09/europaeischer-gaspreis-ttf-boerse-niederlande-usa-iran-foto-1/wide__1300x731,2026-09-01T22:18:13Z,,Der europäische Gaspreis ist nach der Wiederaufnahme der gegenseitigen Angriffe zwischen dem Iran und den USA auf den höchsten Wert seit mehr als drei Jahren gestiegen. Der als Referenz für die Großh… [+2234 chars],,de,'Gasspeicher'
https://www.zeit.de/news/2026-09/02/mehr-kinder-und-jugendliche-bekommen-diagnose-adhs,https://www.zeit.de/news/2026-09/02/mehr-kinder-und-jugendliche-bekommen-diagnose-adhs,0,www.zeit.de,Neudiagnose: Mehr Kinder und Jugendliche bekommen Diagnose ADHS,Hier finden Sie Informationen zu dem Thema „Neudiagnose“. Lesen Sie jetzt „Mehr Kinder und Jugendliche bekommen Diagnose ADHS“.,https://img.zeit.de/news/2026-09/02/mehr-kinder-und-jugendliche-bekommen-diagnose-adhs-image-group/wide__1300x731,2026-09-02T02:15:04Z,,"Immer mehr Kinder und Jugendliche erhalten in Rheinland-Pfalz eine ADHS-Neudiagnose. 2024 gab es im Vergleich zum Vorjahr einen Anstieg um 18 Prozent, wie aus dem aktuellen Kinder- und Jugendreport d… [+2507 chars]",,de,'Kinder'
https://www.n-tv.de/wirtschaft/Merz-besorgt-wegen-niedriger-Gasfuellstaende-id31259439.html,https://www.n-tv.de/wirtschaft/Merz-besorgt-wegen-niedriger-Gasfuellstaende-id31259439.html,0,www.n-tv.de,Druck auf Reiche wächst: Merz besorgt wegen niedriger Gasfüllstände,"Wie gut ist Deutschland auf den Winter vorbereitet? Noch sind die Füllstände in den Gasspeichern niedrig - was Kanzler Merz offenbar so beunruhigt, dass er sich nun regelmäßig über die Lage informieren lässt. Auch sein Digitalminister macht sich Sorgen.",https://www.n-tv.de/img/31259479/1788333433/Img_16_9/1200/615316759.jpg,2026-09-02T06:00:14Z,,"Merz zum Abschluss der Kabinettsklausur in Neuhardenberg, wo sein Digitalminister vor Engpässen warnte. (Foto: picture alliance / dts-Agentur)
Wie gut ist Deutschland auf den Winter vorbereitet? Noc… [+2726 chars]",,de,'Gas'
https://www.zeit.de/news/2026-09/02/rollerfahrt-durch-supermarkt-schwangere-attackiert,https://www.zeit.de/news/2026-09/02/rollerfahrt-durch-supermarkt-schwangere-attackiert,0,www.zeit.de,Randale am Dienstagabend: Rollerfahrt durch Supermarkt – Schwangere attackiert,Hier finden Sie Informationen zu dem Thema „Randale am Dienstagabend“. Lesen Sie jetzt „Rollerfahrt durch Supermarkt – Schwangere attackiert“.,https://img.zeit.de/news/2026-09/02/rollerfahrt-durch-supermarkt-schwangere-attackiert-image-group/wide__1300x731,2026-09-02T06:29:50Z,,Ein unbekannter Mann ist in Arnsberg mit einem Roller durch einen Supermarkt gefahren. Eine Begleiterin filmte ihn am Dienstagabend dabei und soll später einer schwangeren Kundin in den Bauch geschla… [+466 chars],,de,'Schwangere'
https://www.focus.de/finanzen/news/ein-im-jahr-2022-stillgelegtes-us-atomkraftwerk-steht-vor-einem-historischen-neustart-in-deutschland-sieht-die-lage-ganz-anders-aus_87512749-a77a-4921-8601-78b1ab84a10b.html,https://www.focus.de/finanzen/news/ein-im-jahr-2022-stillgelegtes-us-atomkraftwerk-steht-vor-einem-historischen-neustart-in-deutschland-sieht-die-lage-ganz-anders-aus_87512749-a77a-4921-8601-78b1ab84a10b.html,0,www.focus.de,Ein im Jahr 2022 stillgelegtes US-Atomkraftwerk steht vor einem historischen Neustart - in Deutschland sieht die Lage ganz anders aus,"Die USA bereiten den Neustart des AKW Palisades vor. Der Fall zeigt, welche Hürden und Kosten eine Reaktivierung in Deutschland hätte.","https://quadro.burda-forward.de/ctf/3fd23ebd-4ae5-4495-b352-65fa7af97a10.118d76f7-440b-4858-81fd-095fbc6f475b.jpg?im=RegionOfInterestCrop=(1200,630),regionOfInterest=(528,319)&hash=28a24da4e67f5d2c289e3a088094b4aec12f205f512dac752dcd984da30e0c61",2026-09-02T06:56:00Z,,"Ein Atomkraftwerk wird abgeschaltet, der Brennstoff entfernt, der Rückbau beginnt. Normalerweise endet die Geschichte an dieser Stelle. Am Michigansee geschieht nun das Gegenteil: Wie das Technikport… [+6306 chars]",,de,'Atomkraft'
https://www.telepolis.de/article/KI-Rechenzentren-Deutschland-steht-vor-der-Kernfrage-11437719.html,https://www.telepolis.de/article/KI-Rechenzentren-Deutschland-steht-vor-der-Kernfrage-11437719.html,0,www.telepolis.de,KI-Rechenzentren: Deutschland steht vor der Kernfrage,Deutschland treibt den Ausbau von KI-Rechenzentren voran. Doch Verbrauchsdaten fehlen – der Strombedarf bringt Gas und Kernkraft zurück in die Debatte. Analyse.,https://heise.cloudimg.io/v7/_www-heise-de_/imgs/18/5/1/5/7/2/2/7/Master_Fess_2-f015484e0f3caafc.jpg?func=bound&height=1200&org_if_sml=1&q=85&width=1200,2026-09-02T07:00:00Z,,"Bald auch bei uns? Protest gegen Rechenzentren in den USA. Bild: Shutterstock.com
Deutschland treibt den Ausbau von KI-Rechenzentren voran. Doch Verbrauchsdaten fehlen der Strombedarf bringt Gas und… [+13237 chars]",,de,'Atomkraft'
https://www.faz.net/aktuell/feuilleton/debatten/ein-clown-im-zirkus-gebrueder-barelli-lehrt-kindern-das-fuerchten-accg-201173334.html,https://www.faz.net/aktuell/feuilleton/debatten/ein-clown-im-zirkus-gebrueder-barelli-lehrt-kindern-das-fuerchten-accg-201173334.html,0,www.faz.net,Besuch im Zirkus: Und mit dem Clown kam der Horror,"Spaßmacher zum Gruseln: Ein Clown soll Kinder zum Lachen bringen. Eigentlich. Ein Abend im Zirkus Barelli – und eine Begegnung, die einem kleinen Mädchen noch Albträume bescheren könnte.",https://media0.faz.net/image/w1200h627/3dd082cea9ad/w5854h3058x0y3054o/202609/43601.0.2491964649/der-unheimliche-clown.webp,2026-09-02T07:50:10Z,,"Ein Clown reitet auf einem Schimmel in die Manege des Zirkus Gebrüder Barelli. Selbst aus der dritten Reihe glaubt man einen Augenblick, hier drehe gleich ein echtes, putzig kleines Pferd ein paar Ru… [+2216 chars]",,de,'Kinder'
https://www.zeit.de/news/2026-09/02/tausende-kinder-weniger-in-sachsen-anhalts-kitas,https://www.zeit.de/news/2026-09/02/tausende-kinder-weniger-in-sachsen-anhalts-kitas,0,www.zeit.de,Statistik: Tausende Kinder weniger in Sachsen-Anhalts Kitas,Hier finden Sie Informationen zu dem Thema „Statistik“. Lesen Sie jetzt „Tausende Kinder weniger in Sachsen-Anhalts Kitas“.,https://img.zeit.de/news/2026-09/02/tausende-kinder-weniger-in-sachsen-anhalts-kitas-image-group/wide__1300x731,2026-09-02T09:43:53Z,,"Auf den Rückgang der Geburtenzahlen in Sachsen-Anhalt folgen nun sinkende Zahlen bei der Kindertagesbetreuung. Zum Stichtag 1. März 2026 wurden knapp 146.800 Kinder in Kitas und Horten betreut, dazu … [+990 chars]",,de,'Kinder'
https://www.zeit.de/news/2026-09/02/eu-genehmigt-deutsche-milliarden-fuer-gaskraftwerke,https://www.zeit.de/news/2026-09/02/eu-genehmigt-deutsche-milliarden-fuer-gaskraftwerke,0,www.zeit.de,Energieversorgung: EU genehmigt deutsche Milliarden für Gaskraftwerke,Hier finden Sie Informationen zu dem Thema „Energieversorgung“. Lesen Sie jetzt „EU genehmigt deutsche Milliarden für Gaskraftwerke“.,https://img.zeit.de/news/2026-09/02/eu-genehmigt-deutsche-milliarden-fuer-gaskraftwerke-image-group/wide__1300x731,2026-09-02T09:46:08Z,,"Deutschland darf ab 2031 den Bau neuer Gaskraftwerke mit einem Milliardenpaket fördern. Die EU-Kommission gab grünes Licht für die geplante Unterstützung mit bis zu 35 Milliarden Euro. 
In Deutschla… [+2166 chars]",,de,'Gas'
https://www.zeit.de/politik/deutschland/2026-09/kita-gesetz-karin-prien-cdu-tests-foerderung-personal,https://www.zeit.de/politik/deutschland/2026-09/kita-gesetz-karin-prien-cdu-tests-foerderung-personal,0,www.zeit.de,Kita-Gesetz: Karin Prien will durch Kita-Gesetz frühe Bildung verbessern,Mit einem neuen Kita-Gesetz plant Familienministerin Karin Prien Veränderungen für Eltern und Kinder. Die Bundesregierung berät auch über mehr Geld für Kitas.,https://img.zeit.de/politik/deutschland/2026-09/kita-gesetz-karin-prien-cdu-tests-foerderung-personal-foto-1/wide__1300x731,2026-09-02T10:04:10Z,,Mit einem neuen Kita-Gesetz plant Familienministerin Karin Prien weitreichende Veränderungen für Eltern und Kinder. »Jedes Kind in Deutschland wird künftig spätestens im Alter von vier Jahren auf sei… [+957 chars],,de,'Kinder'
https://www.welt.de/wirtschaft/article6a97f274a33eb07b679458f9/fuer-bis-zu-elf-gigawatt-leistung-eu-genehmigt-deutsche-milliarden-fuer-gaskraftwerke.html,https://www.welt.de/wirtschaft/article6a97f274a33eb07b679458f9/fuer-bis-zu-elf-gigawatt-leistung-eu-genehmigt-deutsche-milliarden-fuer-gaskraftwerke.html,0,www.welt.de,EU genehmigt deutsche Milliarden für Gaskraftwerke,In Deutschland sollen zahlreiche neue Gaskraftwerke entstehen. Die Bundesregierung darf den Bau mit bis zu 35 Milliarden Euro unterstützen. Die EU-Kommission stimmt dem Vorhaben zu.,https://images.welt.de/6a97f274a33eb07b679458f9/b34e4cfcb96695fcf277b567250deb8c-master/ci16x9-w1200/384342509-jpg,2026-09-02T10:24:34Z,,"In Deutschland sollen zahlreiche neue Gaskraftwerke entstehen. Die Bundesregierung darf den Bau mit bis zu 35 Milliarden Euro unterstützen. Die EU-Kommission stimmt dem Vorhaben zu.Klicken Sie hier, … [+2469 chars]",,de,'Gas'
https://www.zeit.de/familie/2026-09/kindliche-neugier-kinder-ki-chatbots-entdeckergeist,https://www.zeit.de/familie/2026-09/kindliche-neugier-kinder-ki-chatbots-entdeckergeist,0,www.zeit.de,Kindliche Neugier: So rettet man die kindliche Neugier,"Kinder sollen die Welt erkunden. Doch KI-Chatbots, die jede Antwort liefern, stehen dem entgegen. Experten verraten, wie man den Entdeckergeist von Kindern bewahren kann.",https://img.zeit.de/familie/2026-08/kindliche-neugier-kinder-ki-chatbots-entdeckergeist-bild/wide__1300x731,2026-09-02T10:53:08Z,,"Warum heißt die Person so? Warum gibt es im Zoo keine Dinos? Warum ist dein T-Shirt rosa? Fragen wie diese stellt ein Kleinkind gefühlt im Sekundentakt. Ist eine Frage beantwortet, geht es meist naht… [+609 chars]",,de,'Kinder'
https://www.zeit.de/wirtschaft/2026-09/gaskraftwerke-foerderung-eu-kommission-deutschland-milliarden-gxe,https://www.zeit.de/wirtschaft/2026-09/gaskraftwerke-foerderung-eu-kommission-deutschland-milliarden-gxe,0,www.zeit.de,Förderung von Gaskraftwerken: EU genehmigt deutsche Milliarden für Gaskraftwerke,In Deutschland sollen in den kommenden fünf Jahren zahlreiche neue Gaskraftwerke entstehen. Die EU hat die milliardenschwere Unterstützung für das Vorhaben bewilligt.,https://img.zeit.de/wirtschaft/2026-09/gaskraftwerke-foerderung-eu-kommission-deutschland-milliarden-foto-1/wide__1300x731,2026-09-02T11:43:03Z,,"Deutschland darf ab 2031 den Bau neuer 
Gaskraftwerke mit einem Milliardenpaket fördern. Die EU-Kommission billigte die geplante Unterstützung des Vorhabens mit bis zu 35 Milliarden 
Euro.
In Deut… [+2187 chars]",,de,'Kohle'
https://www.diepresse.com/41225396/europaeischer-gaspreis-steigt-auf-den-hoechsten-stand-seit-beginn-des,https://www.diepresse.com/41225396/europaeischer-gaspreis-steigt-auf-den-hoechsten-stand-seit-beginn-des,0,www.diepresse.com,Europäischer Gaspreis steigt auf den höchsten Stand seit Beginn des Iran-Kriegs,Der Iran-Krieg und die Blockade der Straße von Hormuz haben einen erheblichen Teil der weltweiten Erdgaslieferungen beeinträchtigt.,https://img.diepresse.com/public/incoming/22agjw-2026-07-30t064755z401132342rc26omah7aikrtrmadp3china-lng-outlookjpg/alternates/WEBP_WIDE_1200/2026-07-30T064755Z_401132342_RC26OMAH7AIK_RTRMADP_3_CHINA-LNG-OUTLOOK.JPG,2026-09-02T12:22:47Z,,"Die Presse auf Google als bevorzugte Nachrichtenquelle hinzufügen.
 Der Preis für europäisches Erdgas hat den Höhenflug am Mittwoch fortgesetzt und den höchsten Stand seit Beginn des Iran-Kriegs err… [+2360 chars]",,de,'Gas'
https://www.tagesschau.de/inland/innenpolitik/fruehkindliche-erziehung-bundesregierung-100.html,https://www.tagesschau.de/inland/innenpolitik/fruehkindliche-erziehung-bundesregierung-100.html,0,www.tagesschau.de,Bundesregierung will frühkindliche Bildung stärken,Mit verpflichtenden Sprach- und Entwicklungstests will Familienministerin Prien  insbesondere benachteiligte Kinder besser fördern. Spätestens mit vier Jahren sollen Daten zum Entwicklungsstand der Kinder erhoben werden.,https://images.tagesschau.de/image/8466d640-b361-4818-b691-35de4f674312/AAABoGHsF8k/AAABnSSvrFg/16x9-big/kinder-puzzle-100.jpg?width=1280,2026-09-02T12:25:49Z,,"Stand: 02.09.2026 14:25 Uhr
Mit verpflichtenden Sprach- und Entwicklungstests will Familienministerin Prien insbesondere benachteiligte Kinder besser fördern. Spätestens mit vier Jahren sollen Daten… [+2277 chars]",,de,'Kinder'
https://www.tagesschau.de/wirtschaft/finanzen/mittags-mb-luftfahrt-100.html,https://www.tagesschau.de/wirtschaft/finanzen/mittags-mb-luftfahrt-100.html,0,www.tagesschau.de,Ryanair senkt Prognose - Luftfahrt unter Kostendruck,Die Luftfahrtbranche leidet besonders unter der Energiekrise - denn Kerosin ist ein zentraler Kostenfaktor. Der Billigflieger Ryanair ist das jüngste Opfer. Aber die Probleme der Branche sind vielschichtiger.,https://images.tagesschau.de/image/abc9a8b5-e645-4e39-b0ff-cfcea7a8c0a9/AAABoGFuCuI/AAABnSSvrFg/16x9-big/ryanair-350.jpg?width=1280,2026-09-02T12:48:13Z,,"Stand: 02.09.2026 14:48 Uhr
Die Luftfahrtbranche leidet besonders unter der Energiekrise - denn Kerosin ist ein zentraler Kostenfaktor. Der Billigflieger Ryanair ist das jüngste Opfer. Aber die Prob… [+4068 chars]",,de,'Kerosin'
https://www.zeit.de/zeit-magazin/2026/37/kinder-kunst-museum-elitaer-art-bubble-pruefers-toechter,https://www.zeit.de/zeit-magazin/2026/37/kinder-kunst-museum-elitaer-art-bubble-pruefers-toechter,0,www.zeit.de,Kinder und Kunst: »In die Art-Bubble komm ich nicht so rein«,"Eltern scheitern bisweilen kläglich daran, ihre Kinder für Kunst zu interessieren. Aber ist das ein Problem der Kinder – oder der Kunst?",https://img.zeit.de/zeit-magazin/2026/elemente/teaserbilder-pruefers-toechter/lotta-background-6-bild/wide__1300x731,2026-09-02T14:09:10Z,,"Ich habe ein Leben lang versucht, meine Kinder zur Kunst zu bringen. Letztlich habe ich sie vor allem in Museumsshops gebracht. Das war stets die in Aussicht gestellte Belohnung, wenn sie die Ausstel… [+1005 chars]",,de,'Kinder'
https://www.zeit.de/2026/38/kinder-jugendbuch-bestenliste-buecher-empfehlungen-september-2026,https://www.zeit.de/2026/38/kinder-jugendbuch-bestenliste-buecher-empfehlungen-september-2026,0,www.zeit.de,Kinderbuch-Bestenliste: Die Bestenliste für September,"Identitätssuche, Körperkunde und charakterstarke Tiere: Das sind die fünf besten Kinder- und Jugendbücher des Monats.",https://img.zeit.de/2026/38/die-bestenliste-fuer-september-bild-6/wide__1300x731,2026-09-02T14:47:28Z,,"Über die fünf Bücher dieser monatlichen Bestenliste stimmen 20 Redakteurinnen und Redakteure der ZEIT ab. Die aktuellen Titel stellt Katrin Hörnlein hier vor.
Platz 1
Stephan Lohse: Das Knistern im… [+952 chars]",,de,'Kinder'
https://www.focus.de/panorama/experte-fordert-dezentrale-energieversorgung-gegen-sabotage_002a297a-2be1-4dd0-835a-5803b29fa36d.html,https://www.focus.de/panorama/experte-fordert-dezentrale-energieversorgung-gegen-sabotage_002a297a-2be1-4dd0-835a-5803b29fa36d.html,0,www.focus.de,Experte fordert dezentrale Energieversorgung gegen Sabotage,"Nach den Angriffen auf Umspannwerke rückt der Schutz des Stromnetzes in den Fokus. Um Ausfälle zu verhindern, fordert Kai Strunz dezentrale Energieversorgung gegen Sabotage. Lokale Netze und E-Autos sollen uns künftig vor Blackouts bewahren.","https://quadro.burda-forward.de/ctf/1151e15b-a5b6-4636-9559-78ba43e2b1fa.245ae604-ce3c-4cb9-922a-9adc694f5261.jpg?im=RegionOfInterestCrop=(1200,630),regionOfInterest=(2887,1886)&hash=165e9cebb5c2798121456198780b70f434b8b2f69a0013465804e875b1bfc81a",2026-09-02T18:05:00Z,,"Sich bei der Abwehr auf Einzelmaßnahmen, wie höhere Zäune oder Gitter zu beschränken, reiche nicht aus, meint Kai Strunz, Fachgebietsleiter für Energieversorgungsnetze an der TU Berlin.
Er fordert e… [+1565 chars]",,de,'Blackout'
https://www.zeit.de/news/2026-09/02/prozess-um-tod-dreier-kinder-jury-weiter-uneinig,https://www.zeit.de/news/2026-09/02/prozess-um-tod-dreier-kinder-jury-weiter-uneinig,0,www.zeit.de,Kriminalität und Gesundheit: Prozess um Tod dreier Kinder: Jury weiter uneinig,Hier finden Sie Informationen zu dem Thema „Kriminalität und Gesundheit“. Lesen Sie jetzt „Prozess um Tod dreier Kinder: Jury weiter uneinig“.,https://img.zeit.de/news/2026-09/02/prozess-um-tod-dreier-kinder-jury-weiter-uneinig-image-group/wide__1300x731,2026-09-02T18:42:36Z,,Im aufsehenerregenden Prozess gegen eine Mutter wegen der Tötung ihrer drei kleinen Kinder ist die Jury zum zweiten Mal ohne Einigung. Die Geschworenen teilten dem Gericht im US-Bundesstaat Massachus… [+1441 chars],,de,'Kinder'
https://www.morgenpost.de/politik/article413039082/umfrage-mehrheit-sieht-krankenhaeuser-und-schulen-nicht-genug-gegen-hitze-geschuetzt.html,https://www.morgenpost.de/politik/article413039082/umfrage-mehrheit-sieht-krankenhaeuser-und-schulen-nicht-genug-gegen-hitze-geschuetzt.html,0,www.morgenpost.de,Mehrheit sieht Krankenhäuser und Schulen nicht genug gegen Hitze geschützt,Eine neue Umfrage zeigt: Drei Viertel der Deutschen halten den Schutz gegen Hitze in öffentlichen Gebäuden für nicht ausreichend.,https://img.sparknews.funkemedien.de/412947078/412947078_1787573101_v16_9_1600.jpeg,2026-09-03T04:27:18Z,,Drei Viertel der Menschen in Deutschland halten öffentliche Gebäude wie Schulen und Krankenhäuser für nicht ausreichend gegen Hitze geschützt. Das ergab eine Umfrage im Auftrag des Bundesverbands ene… [+1663 chars],,de,'öffentliche Gebäude'
https://www.zeit.de/wirtschaft/2026-09/gasspeicher-deutschland-betreiber-ines-kosten-winter,https://www.zeit.de/wirtschaft/2026-09/gasspeicher-deutschland-betreiber-ines-kosten-winter,0,www.zeit.de,Gasspeicher in Deutschland: Betreiber von Gasspeichern fordern Vergünstigungen,Deutschlands Gasspeicher sind im Schnitt zu gut 53 Prozent gefüllt. Die Betreiber von Gasspeichern warnen vor einem Mangel und schlagen Maßnahmen zur Vergünstigung vor.,https://img.zeit.de/wirtschaft/2026-09/gasspeicher-deutschland-betreiber-ines-kosten-winter-foto-1/wide__1300x731,2026-09-03T06:34:33Z,,"Um die Gasspeicherstände in Deutschland zu erhöhen, wollen die Betreiber von Gasspeichern Vergünstigungen für ihr Geschäft. »Die aktuellen Marktbedingungen setzen keine ausreichenden wirtschaftlichen… [+867 chars]",,de,'Gas'
https://www.focus.de/politik/ausland/ukrainische-angriffe-lassen-russlands-produktion-von-flugtreibstoff-einbrechen-jetzt-muss-jet-a-1-importiert-werden_bc278552-1d24-49ba-b956-3620e0e0f5d2.html,https://www.focus.de/politik/ausland/ukrainische-angriffe-lassen-russlands-produktion-von-flugtreibstoff-einbrechen-jetzt-muss-jet-a-1-importiert-werden_bc278552-1d24-49ba-b956-3620e0e0f5d2.html,0,www.focus.de,Ukrainische Angriffe lassen Russlands Produktion von Flugtreibstoff einbrechen – jetzt muss Jet A-1 importiert werden,Russlands Raffinerien liefern offenbar nicht mehr genug Flugtreibstoff. Nun kommt Kerosin per Tanker aus Ägypten und Südkorea ins Land.,"https://quadro.burda-forward.de/ctf/00ded088-d707-4914-994c-419ba328122d.4cf0eb4c-58fb-4b77-b3c5-c75d3db5c741.jpg?im=RegionOfInterestCrop=(1200,630),regionOfInterest=(645,570)&hash=7c93ec137a5a52e246ddb42b3bb04b18af1c26a7ed086d8f7e1319bfb929795b",2026-09-03T06:43:00Z,,"Russland muss nach ukrainischen Angriffen auf seine Ölraffinerien Flugtreibstoff aus dem Ausland beschaffen. Für Militärjets und den zivilen Luftverkehr fehlen im Land eigene Reserven, wie der ukrain… [+2845 chars]",,de,'Kerosin'
https://www.faz.net/aktuell/gesellschaft/kriminalitaet/unicef-jedes-fuenfte-kind-erlebt-sexuellen-missbrauch-im-internet-accg-201185505.html,https://www.faz.net/aktuell/gesellschaft/kriminalitaet/unicef-jedes-fuenfte-kind-erlebt-sexuellen-missbrauch-im-internet-accg-201185505.html,0,www.faz.net,Studie von Unicef: Jedes fünfte Kind erlebt sexuellen Missbrauch im Internet,"Kinder und Jugendliche werden laut der Studie etwa aufgefordert, gegen ihren Willen sexuelle Gespräche zu führen und Bilder zu teilen. Die Täter sind demnach nicht nur Fremde.",https://media0.faz.net/image/w1200h627/33f989e5378a/w5182h2707x0y272o/202608/43601.0.2404003198/kampf-gegen-missbrauch-eine.webp,2026-09-03T06:51:46Z,,Jedes fünfte Kind ist innerhalb eines Jahres im Internet sexuell missbraucht oder ausgebeutet worden. Das geht aus einer am Donnerstag veröffentlichten Studie des UN-Kinderhilfswerks Unicef hervor. U… [+3425 chars],,de,'Kinder'
https://fm4.orf.at/story/buecherliste-kalte-buecher-100/vier-kalte-buecher,https://fm4.orf.at/story/buecherliste-kalte-buecher-100/vier-kalte-buecher,0,fm4.orf.at,Vier „kalte“ Bücher,Österreich erlebt gerade den wärmsten Sommer seit Aufzeichnungsbeginn. Es ist Zeit sich mit allen Mitteln abzukühlen und das geht auch erstaunlich gut mit Literatur: Wir stellen euch vier Bücher über die Kälte vor.,https://soph-assets.orf.at/sis/image/79d9cf99-6372-4253-92ac-2256198d0068/AAABoEO-PPI/AAABoFzPm4M/image_variant_16_9/buecherliste-kalte-buecher-bilder-100.webp?width=1280,2026-09-03T08:35:27Z,,"Christoph Ransmayr Die Schrecken des Eises und der Finsternis 
Dieser Roman ist perfekt, wenn ihr Abenteuer mögt, die auf historischen Ereignissen basieren. Im Juni 1872 legt die Admiral Tegetthoff … [+5491 chars]",,de,'Kälte'
https://www.brigitte.de/leben/wohnung-zu-heiss--dieser-wasserflaschen-trick-sorgt-blitzschnell-fuer-abkuehlung-13550392.html,https://www.brigitte.de/leben/wohnung-zu-heiss--dieser-wasserflaschen-trick-sorgt-blitzschnell-fuer-abkuehlung-13550392.html,0,www.brigitte.de,Kälte-Tipp: So kühlt der Wasserflaschen-Trick eure Wohnung blitzschnell ab,Es ist mal wieder unerträglich heiß in deinem Zimmer? Mit diesem Trick kühlst du Innenräumen in nur drei Stunden um einige Grad herunter.,https://image.brigitte.de/14088162/t/32/v1/w1440/r1.7778/-/flaschentrickneu.jpg,2026-09-03T09:30:00Z,,"Es ist mal wieder unerträglich heiß in deinem Zimmer? Mit diesem Trick kühlst du Innenräume ohne Aufwand ganz einfach ein paar Grad ab.
Der Sommer ist endlich da und verschafft uns viele unvergessli… [+813 chars]",,de,'Kälte'
https://www.zeit.de/news/2026-09/03/speicherbetreiber-fordern-entlastung-fuer-gas-einspeicherung,https://www.zeit.de/news/2026-09/03/speicherbetreiber-fordern-entlastung-fuer-gas-einspeicherung,0,www.zeit.de,Speicher halb leer: Speicherbetreiber fordern Entlastung für Gas-Einspeicherung,Hier finden Sie Informationen zu dem Thema „Speicher halb leer“. Lesen Sie jetzt „Speicherbetreiber fordern Entlastung für Gas-Einspeicherung“.,https://img.zeit.de/news/2026-09/03/speicherbetreiber-fordern-entlastung-fuer-gas-einspeicherung-image-group/wide__1300x731,2026-09-03T10:10:00Z,,"Angesichts niedriger Füllstände in Gasspeichern fordern die Betreiber der Anlagen Regeländerungen, damit ihre Speicher voller werden. Der Branchenverband Initiative Energien Speichern (Ines) legte ei… [+2194 chars]",,de,'Gasspeicher'
https://www.zeit.de/news/2026-09/03/preisspruenge-bei-oel-und-gas-machen-tanken-und-heizen-teurer,https://www.zeit.de/news/2026-09/03/preisspruenge-bei-oel-und-gas-machen-tanken-und-heizen-teurer,0,www.zeit.de,Energiepreise: Preissprünge bei Öl und Gas machen Tanken und Heizen teurer,Hier finden Sie Informationen zu dem Thema „Energiepreise“. Lesen Sie jetzt „Preissprünge bei Öl und Gas machen Tanken und Heizen teurer“.,https://img.zeit.de/news/2026-09/03/preisspruenge-bei-oel-und-gas-machen-tanken-und-heizen-teurer-image-group/wide__1300x731,2026-09-03T10:45:33Z,,Schlechte Nachrichten für Autofahrer und Heizölkunden - und möglicherweise noch mehr Verbraucher: Auf dem Weltmarkt ist der Preis für Rohöl wieder deutlich gestiegen. Die Notierung für Rohöl der Nord… [+5580 chars],,de,'Gasspeicher'
https://www.tagesspiegel.de/wirtschaft/dpa-energiepreise-16013361.html,https://www.tagesspiegel.de/wirtschaft/dpa-energiepreise-16013361.html,0,www.tagesspiegel.de,Energiepreise: Preissprünge bei Öl und Gas machen Tanken und Heizen teurer,"Auch wenn es zwischenzeitlich etwas Entspannung gab, der Iran-Krieg hält die Preise für Öl und Gas hoch. Das trifft die Wirtschaft, aber auch die Verbraucher, die tanken und heizen müssen.",https://www.tagesspiegel.de/images/16013360/alternates/BASE_16_9_W1400/1788432389000/raffinerie-pck.jpeg,2026-09-03T10:46:29Z,,Schlechte Nachrichten für Autofahrer und Heizölkunden - und möglicherweise noch mehr Verbraucher: Auf dem Weltmarkt ist der Preis für Rohöl wieder deutlich gestiegen. Die Notierung für Rohöl der Nord… [+5637 chars],,de,'Gasspeicher'
https://www.tagesspiegel.de/wissen/energieforscher-zu-anschlagen-auf-stromnetze-infrastruktur-im-freien-feld-lasst-sich-niemals-komplett-schutzen-16012188.html,https://www.tagesspiegel.de/wissen/energieforscher-zu-anschlagen-auf-stromnetze-infrastruktur-im-freien-feld-lasst-sich-niemals-komplett-schutzen-16012188.html,0,www.tagesspiegel.de,Energieforscher zu Anschlägen auf Stromnetze: „Infrastruktur im freien Feld lässt sich niemals komplett schützen“,"Nach den jüngsten Anschlägen auf deutsche Stromnetze: Energieforscher Christian Rehtanz erklärt, wie verwundbar wir wirklich sind, was aus dem Berliner Stromausfall im Januar zu lernen ist und was einen Flächen-Blackout auslösen würde.",https://www.tagesspiegel.de/images/16013232/alternates/BASE_16_9_W1400/1788431653000/anschlag-auf-umspannwerk-bei-bergheim.jpeg,2026-09-03T10:52:24Z,,"Herr Rehtanz, nach den wiederholten Anschlägen auf deutsche Stromnetze: Können wir eine so verletzliche Infrastruktur wie Energienetze überhaupt ausreichend schützen?Grundsätzlich lässt sich Infrastr… [+303 chars]",,de,'Blackout'
https://www.tagesspiegel.de/wissen/wie-sicher-ist-unser-strom-wirklich-infrastruktur-im-freien-feld-lasst-sich-niemals-komplett-schutzen-16012188.html,https://www.tagesspiegel.de/wissen/wie-sicher-ist-unser-strom-wirklich-infrastruktur-im-freien-feld-lasst-sich-niemals-komplett-schutzen-16012188.html,0,www.tagesspiegel.de,Wie sicher ist unser Strom wirklich?: „Infrastruktur im freien Feld lässt sich niemals komplett schützen“,"Die deutschen Stromnetze wurden wiederholt zum Ziel von Anschlägen. Energieforscher Christian Rehtanz erklärt, wie verwundbar wir wirklich sind und was einen Flächen-Blackout auslösen würde.",https://www.tagesspiegel.de/images/16014728/alternates/BASE_16_9_W1400/1788442601000/polizeieinsatz-am-umspannwerk-bergheim.jpeg,2026-09-03T10:52:24Z,,"Herr Rehtanz, nach den wiederholten Anschlägen auf deutsche Stromnetze: Können wir eine so verletzliche Infrastruktur wie Energienetze überhaupt ausreichend schützen?Grundsätzlich lässt sich Infrastr… [+303 chars]",,de,'Blackout'
https://www.tagesspiegel.de/wissen/experte-zu-netzangriffen-wie-nah-sind-wir-wirklich-am-grossen-blackout-16012188.html,https://www.tagesspiegel.de/wissen/experte-zu-netzangriffen-wie-nah-sind-wir-wirklich-am-grossen-blackout-16012188.html,0,www.tagesspiegel.de,Experte zu Netzangriffen: Wie nah sind wir wirklich am großen Blackout?,"Die deutschen Stromnetze wurden wiederholt zum Ziel von Anschlägen. Energieforscher Christian Rehtanz erklärt, wie verwundbar wir sind und was einen Flächen-Blackout auslösen würde.",https://www.tagesspiegel.de/images/16015075/alternates/BASE_16_9_W1400/1788445014000/umspannwerk-stuttgart-nellingen.jpeg,2026-09-03T10:52:24Z,,"Herr Rehtanz, nach den wiederholten Anschlägen auf deutsche Stromnetze: Können wir eine so verletzliche Infrastruktur wie Energienetze überhaupt ausreichend schützen?Grundsätzlich lässt sich Infrastr… [+303 chars]",,de,'Blackout'
https://www.zeit.de/news/2026-09/03/3d-drucker-stellt-kautabletten-fuer-schwer-kranke-kinder-her,https://www.zeit.de/news/2026-09/03/3d-drucker-stellt-kautabletten-fuer-schwer-kranke-kinder-her,0,www.zeit.de,Klinikum Oldenburg: 3D-Drucker stellt Kautabletten für schwer kranke Kinder her,Hier finden Sie Informationen zu dem Thema „Klinikum Oldenburg“. Lesen Sie jetzt „3D-Drucker stellt Kautabletten für schwer kranke Kinder her“.,https://img.zeit.de/news/2026-09/03/3d-drucker-stellt-kautabletten-fuer-schwer-kranke-kinder-her-image-group/wide__1300x731,2026-09-03T12:04:30Z,,"Mit einem 3D-Arzneimitteldrucker stellt die Apotheke des Klinikums Oldenburg Kautabletten für schwer kranke Kinder her. Mit dem Gerät können Dosis, Konsistenz, Form, Größe und Geschmack auf die Bedür… [+1873 chars]",,de,'Kinder'
https://www.faz.net/aktuell/politik/inland/hybride-angriffe-so-koennen-sie-sich-wappnen-201185499.html,https://www.faz.net/aktuell/politik/inland/hybride-angriffe-so-koennen-sie-sich-wappnen-201185499.html,0,www.faz.net,Resilienz gegen Angriffe: Die Gefahr hybrider Attacken wächst – wie kann sich jeder Einzelne wappnen?,"Bisher waren es Einzelfälle, aber ein koordinierter hybrider Angriff auf die Strom- und Gasversorgung in Deutschland wird wahrscheinlicher. Was tun?",https://media0.faz.net/image/w1200h627/a779335f9c96/w6144h3210x0y443o/202609/43601.0.2496501009/angriff-auf-das-stromnetz.webp,2026-09-03T15:13:08Z,,"Bundesinnenminister Alexander Dobrindt hatte eine Warnung mitgebracht. Man gehe davon aus, dass Deutschland das Ziel weiterer hybrider Angriffe Russlands ist, sagte er, als er die Sanktionen verkünde… [+7135 chars]",,de,'Gas'
https://www.telepolis.de/article/Europas-Gasspeicher-vor-dem-Winter-nur-zu-65-Prozent-gefuellt-11440584.html,https://www.telepolis.de/article/Europas-Gasspeicher-vor-dem-Winter-nur-zu-65-Prozent-gefuellt-11440584.html,0,www.telepolis.de,Europas Gasspeicher vor dem Winter nur zu 65 Prozent gefüllt,"EU-Speicher auf 15-Jahres-Tief, LNG-Preise auf 3,5-Jahres-Hoch: Der Iran-Krieg und zögerliche Einkäufe gefährden die Energieversorgung.",https://heise.cloudimg.io/v7/_www-heise-de_/imgs/18/5/1/5/8/6/6/5/shutterstock_1660250275-7f684530eaef6827.jpg?func=bound&height=1200&org_if_sml=1&q=85&width=1200,2026-09-03T15:30:00Z,,"(Bild: Vova Shevchuk / Shutterstock.com)
EU-Speicher auf 15-Jahres-Tief, LNG-Preise auf 3,5-Jahres-Hoch: Der Iran-Krieg und zögerliche Einkäufe gefährden die Energieversorgung.
Europa geht ein hohe… [+3224 chars]",,de,'Gas'
https://www.n-tv.de/panorama/Obdachloser-landet-in-US-Muellauto-und-wird-zusammengepresst-id31266824.html,https://www.n-tv.de/panorama/Obdachloser-landet-in-US-Muellauto-und-wird-zusammengepresst-id31266824.html,0,www.n-tv.de,Vorfall überlebt: Obdachloser landet in US-Müllauto und wird zusammengepresst,"Obdachlosigkeit ist in vielen US-Städten ein Problem. Ein Mann schläft wohl in einem Müllcontainer, als dieser gerade in einen Müllwagen gekippt wird. Anschließend wird ""mindestens einmal"" die Abfallpresse aktiviert.",https://www.n-tv.de/img/31266825/1788451219/Img_16_9/1200/collage_1920x1080.jpg,2026-09-03T15:57:35Z,,"Die Feuerwehrleute standen inmitten von Müllbergen, als sie den Mann suchten und schließlich befreiten. (Foto: San Francisco Fire Department)
Obdachlosigkeit ist in vielen US-Städten ein Problem. Ei… [+2444 chars]",,de,'Obdachlosigkeit'
https://www.tagesschau.de/inland/deutschlandtrend/deutschlandtrend-september-100.html,https://www.tagesschau.de/inland/deutschlandtrend/deutschlandtrend-september-100.html,0,www.tagesschau.de,ARD-DeutschlandTrend: Deutsche fühlen sich durch Russland bedroht,Eine Mehrheit sieht durch Russland die Sicherheit Deutschlands stark bedroht. Das gilt laut ARD-DeutschlandTrend vor allem für ältere Menschen sowie Anhänger aller im Bundestag vertretenen Parteien - mit einer Ausnahme. Von Florian Riesewieck.,https://images.tagesschau.de/image/cc3708c1-f48c-43a9-ad65-499b2ce07d74/AAABmamZfiU/AAABnSSvrFg/16x9-big/deutschlandtrend-3337.jpg?width=1280,2026-09-03T16:00:08Z,,"Stand: 03.09.2026 18:00 Uhr
Eine Mehrheit sieht durch Russland die Sicherheit Deutschlands stark bedroht. Das gilt laut ARD-DeutschlandTrend vor allem für ältere Menschen sowie Anhänger aller im Bun… [+3438 chars]",,de,'Ältere'
https://www.tagesschau.de/inland/gesellschaft/schwangeren-versorgung-gesundheitsreform-100.html,https://www.tagesschau.de/inland/gesellschaft/schwangeren-versorgung-gesundheitsreform-100.html,0,www.tagesschau.de,Sparpläne bei den Krankenkassen: Frauenärzte fürchten Folgen für Schwangere,Ab 2027 ändert sich die Finanzierung der Schwangerschaftsvorsorge. Frauenärzte warnen vor Engpässen. Die Krankenkassen widersprechen. Von Jule Lampe.,https://images.tagesschau.de/image/e4bfaa98-3416-4df5-ad8d-531b73f40bdd/AAABn2qwLNo/AAABnSSvrFg/16x9-big/hebamme-113.jpg?width=1280,2026-09-04T04:45:12Z,,"Stand: 04.09.2026 06:45 Uhr
Ab 2027 ändert sich die Finanzierung der Schwangerschaftsvorsorge. Frauenärzte warnen vor Engpässen. Die Krankenkassen widersprechen.
Für Per Kistenbrügge gehört die Bet… [+4515 chars]",,de,'Schwangere'
https://www.tagesspiegel.de/gesellschaft/dpa-buchveroffentlichung-16016206.html,https://www.tagesspiegel.de/gesellschaft/dpa-buchveroffentlichung-16016206.html,0,www.tagesspiegel.de,Buchveröffentlichung: Im Outback verirrt: Carolina Wilga schildert Überlebenskampf,"2025 bangte die halbe Welt tagelang um Carolina Wilga. Nun erzählt die Deutsche in einem packenden Buch von Kälte, Angst und Durst – und davon, was ihr die Kraft gab, Australiens Outback zu überleben.",https://www.tagesspiegel.de/images/16016205/alternates/BASE_16_9_W1400/1788498068000/carolina-wilga.jpeg,2026-09-04T05:01:08Z,,"Das endlose Outback Westaustraliens, Ende Juni 2025: Eine junge Deutsche ist spurlos verschwunden. Die Suche nach Carolina Wilga machte Schlagzeilen in aller Welt, und nicht nur in Deutschland bangte… [+7250 chars]",,de,'Kälte'
https://ooe.orf.at/stories/3369732/,https://ooe.orf.at/stories/3369732/,0,ooe.orf.at,Angriffe auf Stromnetz: Wofür sich heimische Kraftwerke rüsten,"Wie stabil ist das Stromnetz in Oberösterreich und was passiert bei einem lokalen Blackout? In Deutschland wurden bereits mehrere Kraftwerksblöcke nach Angriffen vom Netz genommen worden. Die Versorgung blieb zwar stabil – der Fall zeigt aber, wie verwundbar …",https://ibs.orf.at/ooe?image=https%3A%2F%2Foekastatic.orf.at%2Fmims%2F2026%2F31%2F04%2Fcrops%2Fw%3D1200%2Ch%3D627%2Cq%3D75%2F3130754_master_1213404_stromleitungen_sonnenuntergang_18_hev.jpg%3Fs%3Df605f8ebba7e0e8e1b642f68b85301e64a950378,2026-09-04T05:09:59Z,,Die Ermittler in Deutschland stehen unter Strom: Denn viele Hochspannungsanlagen in Brandenburg und Nordrhein-Westfalen sind immer noch außer Betrieb. Es dürfte sich um gezielte Sabotage handeln. Die… [+1866 chars],,de,'Blackout'
https://www.faz.net/aktuell/wirtschaft/klima-nachhaltigkeit/leo-birnbaum-was-den-gaspreis-diesen-winter-antreibt-accg-201177793.html,https://www.faz.net/aktuell/wirtschaft/klima-nachhaltigkeit/leo-birnbaum-was-den-gaspreis-diesen-winter-antreibt-accg-201177793.html,0,www.faz.net,Eon-Chef Birnbaum im Interview: „Das wird zu hohen Gaspreisen führen“,"Eon-Chef Leo Birnbaum spricht im Interview über den kommenden Winter, Sabotage im Energienetz und zehn Jahre Wartezeit auf Stromanschlüsse für Rechenzentren.",https://media0.faz.net/image/w1200h627/f48e54722fc7/w5000h2612x0y360o/202608/43601.0.2489775742/leonhard-birnbaum-59-ist-seit.webp,2026-09-04T05:13:01Z,,"Herr Birnbaum, Sie haben immer wieder davor gewarnt, dass Deutschland dabei ist, seine Industrie zu verlieren 
Ja, und anfangs wurde mir deshalb Schwarzmalerei vorgeworfen. Leider aber ist die Deind… [+10614 chars]",,de,'Gas'
https://www.faz.net/aktuell/rhein-main/frankfurt/gesundheitsreform-frauenaerzte-sehen-vorsorge-fuer-schwangere-in-gefahr-accg-201188136.html,https://www.faz.net/aktuell/rhein-main/frankfurt/gesundheitsreform-frauenaerzte-sehen-vorsorge-fuer-schwangere-in-gefahr-accg-201188136.html,0,www.faz.net,Gesundheitsreform: „Mit jeder weiteren Patientin werde ich ins Minus arbeiten“,Der Sparkurs im Gesundheitswesen treibt Frauenärzte auf die Straße. Sie warnen vor langen Wartezeiten und dass Untersuchungen für Schwangere und zur Krebsvorsorge künftig ausfallen könnten.,https://media0.faz.net/image/w1200h627/7de5a8481681/w3000h1567x0y216o/202607/43601.0.2388780363/vorsorglich-eine-frauenaerztin.webp,2026-09-04T05:25:05Z,,"Vom kommenden Jahr an sollen die Ausgaben für die ambulante Versorgung im Gesundheitswesen strikt begrenzt werden, so sieht es das jüngst verabschiedete GKV-Gesetz vor. Zahlreiche Untersuchungen und … [+4406 chars]",,de,'Schwangere'
https://www.focus.de/politik/ausland/ukrainische-angriffe-lassen-russlands-produktion-von-flugtreibstoff-einbrechen-nun-kommt-kerosin-per-tanker-aus-aegypten-und-suedkorea-ins-land_bc278552-1d24-49ba-b956-3620e0e0f5d2.html,https://www.focus.de/politik/ausland/ukrainische-angriffe-lassen-russlands-produktion-von-flugtreibstoff-einbrechen-nun-kommt-kerosin-per-tanker-aus-aegypten-und-suedkorea-ins-land_bc278552-1d24-49ba-b956-3620e0e0f5d2.html,0,www.focus.de,Ukrainische Angriffe lassen Russlands Produktion von Flugtreibstoff einbrechen – nun kommt Kerosin per Tanker aus Ägypten und Südkorea ins Land,Russlands Raffinerien liefern offenbar nicht mehr genug Flugtreibstoff. Nun kommt Kerosin per Tanker aus Ägypten und Südkorea ins Land.,"https://quadro.burda-forward.de/ctf/00ded088-d707-4914-994c-419ba328122d.4cf0eb4c-58fb-4b77-b3c5-c75d3db5c741.jpg?im=RegionOfInterestCrop=(1200,630),regionOfInterest=(645,570)&hash=7c93ec137a5a52e246ddb42b3bb04b18af1c26a7ed086d8f7e1319bfb929795b",2026-09-04T05:31:00Z,,"Russland muss nach ukrainischen Angriffen auf seine Ölraffinerien Flugtreibstoff aus dem Ausland beschaffen. Für Militärjets und den zivilen Luftverkehr fehlen im Land eigene Reserven, wie der ukrain… [+2845 chars]",,de,'Kerosin'
https://www.faz.net/aktuell/karriere-hochschule/unternehmergespraech/fuenf-geschwister-leiten-familienunternehmen-riege-software-wie-gelingt-das-accg-201144186.html,https://www.faz.net/aktuell/karriere-hochschule/unternehmergespraech/fuenf-geschwister-leiten-familienunternehmen-riege-software-wie-gelingt-das-accg-201144186.html,0,www.faz.net,Riege Software: Wenn fünf Geschwister das Familienunternehmen führen,"1978 druckte Johannes Riege einen der ersten elektronisch erzeugten Luftfrachtbriefe. Heute müssen seine fünf Kinder beweisen, dass auch kleine Mittelständler in der Softwarebranche mithalten können. Wie gelingt das?",https://media0.faz.net/image/w1200h627/96354e921baa/w6731h3516x0y766o/202607/43601.0.2382203070/christian-riege-und-seine.webp,2026-09-04T06:58:45Z,,"Den Beginn des Familienunternehmens hat Christian Riege als Kindergartenkind selbst miterlebt. Der Kindergarten an der Universität Bochum, an der sein Vater arbeitete, hatte nur bis zwölf Uhr geöffne… [+331 chars]",,de,'Kinder'
https://www.derstandard.at/story/3000000338296/die-berggipfel-der-alpen-werden-gruener-auf-kosten-von-spezialisierten-arten,https://www.derstandard.at/story/3000000338296/die-berggipfel-der-alpen-werden-gruener-auf-kosten-von-spezialisierten-arten,0,www.derstandard.at,Die Berggipfel der Alpen werden grüner – auf Kosten von spezialisierten Arten,Immer mehr an Kälte angepasste Spezies verschwinden von Beobachtungsflächen auf 62 europäischen Gipfeln. Das hat vor allem mit einem Konkurrenzkampf zu tun,https://i.ds.at/hd4IiA/rs:fill:1200:600/plain/lido-images/2026/09/03/f78058d4-b17e-4a88-8aaf-b6ecfe0fd5e5.jpg,2026-09-04T07:00:00Z,,"Sie entscheiden darüber, wie Sie unsere Inhalte nutzen wollen. Ihr Gerät erlaubt uns derzeit leider nicht, die entsprechenden Optionen anzuzeigen.
Bitte deaktivieren Sie sämtliche Hard- und Software… [+180 chars]",,de,'Kälte'
https://www.diepresse.com/41230955/botanik-der-kampf-um-die-besten-gipfelplaetze,https://www.diepresse.com/41230955/botanik-der-kampf-um-die-besten-gipfelplaetze,0,www.diepresse.com,Botanik: Der Kampf um die besten Gipfelplätze [premium],"Steigende Temperaturen erlaubten Pflanzen aus tieferen Lagen, sich auf Europas Bergspitzen anzusiedeln. An Kälte gewöhnte Arten verschwinden jedoch.",https://img.diepresse.com/public/incoming/nu26sf-rhododendron-ferrugineum-rostblattrige-alpenrose-auf-den-westlichen-hangen-des-schrankogels-in-tirol-mit-dem-bockkogel-als-hintergrundcopyright-krystof-chytryjpg/alternates/WEBP_WIDE_1200/Rhododendron%20ferrugineum%20Rostbl%C3%A4ttrige%20Alpenrose%20auf%20den%20westlichen%20H%C3%A4ngen%20des%20Schrankogels%20in%20Tirol%20mit%20dem%20Bockkogel%20als%20Hintergrund_Copyright%20Krystof%20Chytr%C3%BD.jpg,2026-09-04T09:36:07Z,,"Im Hochgebirge wird es seit den 1980er-Jahren kontinuierlich wärmer, das Frostrisiko sinkt und viele Pflanzen nutzen die Gelegenheit, um sich nach oben hin auszubreiten. Die neuen Nachbarn dürften al… [+2623 chars]",,de,'Kälte'
https://salzburg.orf.at/stories/3369829/,https://salzburg.orf.at/stories/3369829/,0,salzburg.orf.at,Nur leichter Rückgang bei Schulanfängern,"Rund 75.000 Kinder und Jugendliche starten heuer ins neue Schuljahr. Die Zahl der Schulanfängerinnen und Schulanfängern ist zwar wieder leicht zurückgegangen. Von einem Trend kann aber keine Rede sein, heißt es beim Land. Zwischen den Bezirken gibt es aber de…",https://ibs.orf.at/sbg?image=https%3A%2F%2Foekastatic.orf.at%2Fmims%2F2019%2F34%2F86%2Fcrops%2Fw%3D1200%2Ch%3D627%2Cq%3D75%2F266055_master_79786_schultute-1499050_1920.jpg%3Fs%3Dfc3696351eff106ecd1beb9789267e5169cda6d5,2026-09-04T09:57:20Z,,Knapp 5.600 Kinder kommen heuer in Salzburg zum ersten Mal in die Schule. Rund hundert weniger als im Vorjahr. Von einem Abwärtstrend könne man aber nicht sprechen: Schon vor zwei Jahren gab es ungef… [+1308 chars],,de,'Kinder'
https://www.faz.net/aktuell/wirtschaft/unternehmen/sanierungsplan-fuer-volkswagen-punktsieg-fuer-blume-201194114.html,https://www.faz.net/aktuell/wirtschaft/unternehmen/sanierungsplan-fuer-volkswagen-punktsieg-fuer-blume-201194114.html,0,www.faz.net,Einigung in Wolfsburg: Ein erster Schritt zur Rettung von VW – und ein Sieg für Blume,Der Aufsichtsrat hat sich überraschend auf einen Sanierungsplan verständigt. Konzernchef Oliver Blume hat jetzt ein stärkeres Mandat. Die Beschäftigten müssen weiter zittern.,https://media0.faz.net/image/w1200h627/bf295eb117ec/w5424h2834x0y391o/202609/43601.0.2503971151/konzernchef-im-feuer-oliver.webp,2026-09-04T09:59:56Z,,"Als sich die Mächtigen in Wolfsburg vor anderthalb Jahren auf ein erstes Sparprogramm für Volkswagen verständigten, fiel das Ergebnis durchwachsen aus. Zehntausende Stellen wurden abgebaut, Werksschl… [+1959 chars]",,de,'Sanierung'
https://www.derstandard.at/story/3000000338131/wann-haftet-die-kinder-und-jugendhilfe-fuer-eine-kindesabnahme,https://www.derstandard.at/story/3000000338131/wann-haftet-die-kinder-und-jugendhilfe-fuer-eine-kindesabnahme,0,www.derstandard.at,Wann haftet die Kinder- und Jugendhilfe für eine Kindesabnahme?,Der OGH stellt klar: Eine rechtswidrige und schuldhafte Kindesabnahme kann unter bestimmten Voraussetzungen Schadenersatzansprüche auslösen,https://i.ds.at/tFYIVA/rs:fill:1200:600/plain/lido-images/2026/09/02/cf89e363-aec8-41c1-87e0-87f9eca125ca.jpg,2026-09-04T10:00:00Z,,"Sie entscheiden darüber, wie Sie unsere Inhalte nutzen wollen. Ihr Gerät erlaubt uns derzeit leider nicht, die entsprechenden Optionen anzuzeigen.
Bitte deaktivieren Sie sämtliche Hard- und Software… [+180 chars]",,de,'Kinder'
https://www.kino.de/news/die-grosse-horror-ueberraschung-2026-dieser-fsk-18-kinofilm-begeistert-aktuell-genre-fans-weltweit--01M1NXSB2E2WNKBEXYJZC7GZY7,https://www.kino.de/news/die-grosse-horror-ueberraschung-2026-dieser-fsk-18-kinofilm-begeistert-aktuell-genre-fans-weltweit--01M1NXSB2E2WNKBEXYJZC7GZY7,0,www.kino.de,Die große Horror-Überraschung 2026: Dieser FSK-18-Kinofilm begeistert aktuell Genre-Fans weltweit,„Buddy“ verbindet Kinderserien-Nostalgie mit brutalem Horror und völlig eskalierendem Wahnsinn. Genau deshalb sprechen viele Genre-Fans bereits von einem der ungewöhnlichsten Horrorfilme des Jahres.,https://static.kino.de/6f/23/f5/fdec476d333a3c7556a7c0335d_cmUgMTkyMCAxMDgwAzYzZmM2MzM1YTA1.jpg,2026-09-04T10:00:19Z,,"Buddy verbindet Kinderserien-Nostalgie mit brutalem Horror und völlig eskalierendem Wahnsinn. Genau deshalb sprechen viele Genre-Fans bereits von einem der ungewöhnlichsten Horrorfilme des Jahres.
M… [+3034 chars]",,de,'Kinder'
https://www.nzz.ch/nzz-live-veranstaltungen/nzz-podium-brauchen-jugendliche-ein-social-media-verbot-ld.10022402,https://www.nzz.ch/nzz-live-veranstaltungen/nzz-podium-brauchen-jugendliche-ein-social-media-verbot-ld.10022402,0,www.nzz.ch,"NZZ LIVE - NZZ-Podium zu Social Media: «Wir machen ein riesiges Experiment an unseren Kindern, das wir mit Drogen nicht machen würden»","Australien verbietet soziale Netzwerke für Jugendliche unter 15 Jahren. Und in der Schweiz? Der Umgang mit Social Media ist noch nicht da, wo er sein müsste, finden die Teilnehmer des «NZZ Podium».","https://img-msp-prod.nzz.ch/2026/09/04/48a13b9f-37f7-4532-9077-30f10cb7c192.jpg?width=1200&height=674&fit=bounds&quality=75&auto=webp&crop=5400,3037,x0,y282&wmark=nzz",2026-09-04T10:12:03Z,,"Australien verbietet soziale Netzwerke für Jugendliche unter 15 Jahren. Und in der Schweiz? Der Umgang mit Social Media ist noch nicht da, wo er sein müsste, finden die Teilnehmer von «NZZ Podium».
… [+6778 chars]",,de,'Kinder'
https://www.focus.de/panorama/welt/neugeborenes-oder-direkt-in-den-kindergarten-klinik-staunt-ueber-grosses-baby_25425173-22c7-404e-a15b-9153021647eb.html,https://www.focus.de/panorama/welt/neugeborenes-oder-direkt-in-den-kindergarten-klinik-staunt-ueber-grosses-baby_25425173-22c7-404e-a15b-9153021647eb.html,0,www.focus.de,„Neugeborenes oder direkt in den Kindergarten?“: Klinik staunt über großes Baby,"Ein Junge in Košicích (Slowakei) kam mit 4.910 Gramm und 54 cm zur Welt. Die Klinik scherzte, man könne ihn direkt in den Kindergarten schicken.","https://quadro.burda-forward.de/ctf/cb5826fe-947e-45a8-9b68-ed779f24988d.4c5ec848-2801-42e6-bde7-d56b5539e365.jpg?im=RegionOfInterestCrop=(1200,630),regionOfInterest=(823,507)&hash=f7a0162fd683d8a29e014c3a1c59d2f2f94dddabf1cc7b0017f1bf0fa6f7dd7a",2026-09-04T11:13:00Z,,"In der slowakischen Geburtsklinik Nová Nemocnica kam kürzlich ein ungewöhnlich schweres Kind zur Welt. Der kleine Jozef wog am Freitag stolze 4.910 Gramm bei einer Körperlänge von 54 Zentimetern.
Wi… [+1907 chars]",,de,'Kinder'
https://www.zeit.de/news/2026-09/04/schule-wegen-gasgeruch-evakuiert,https://www.zeit.de/news/2026-09/04/schule-wegen-gasgeruch-evakuiert,0,www.zeit.de,Großeinsatz: Schule wegen Gasgeruch evakuiert,Hier finden Sie Informationen zu dem Thema „Großeinsatz“. Lesen Sie jetzt „Schule wegen Gasgeruch evakuiert“.,https://img.zeit.de/news/2026-09/04/schule-wegen-gasgeruch-evakuiert-image-group/wide__1300x731,2026-09-04T11:42:38Z,,"Eine Schule in Jena ist aufgrund von Gasgeruch vorsorglich evakuiert worden. Vor Ort habe die Feuerwehr aber keine Ursache für den Geruch feststellen können, teilte die Stadtverwaltung mit. Zwar habe… [+623 chars]",,de,'Kinder'
https://www.dw.com/de/ebola-warum-kinder-in-krisen-oft-die-letzten-sind/a-78634826,https://www.dw.com/de/ebola-warum-kinder-in-krisen-oft-die-letzten-sind/a-78634826,0,www.dw.com,Ebola: Warum Kinder in Krisen oft die Letzten sind,Kinder sterben im aktuellen Ebola-Ausbruch in der DR Kongo deutlich häufiger als Erwachsene. Trotzdem fehlen gerade für sie oft geeignete Medikamente oder Daten zu Dosierung und Einnahme. Warum ist das so? Der aktuelle Ebola-Ausbruch in der Demokratischen Rep…,https://static.dw.com/image/78260448_6.jpg,2026-09-04T13:02:00Z,,Der aktuelle Ebola-Ausbruch in der Demokratischen Republik Kongo (DRK) ist verheerend. Seit dem Ausbruch Mitte Mai wurden mehr als 3000 Todesfälle registriert. Fast jede zweite erkrankte Person stirb… [+8164 chars],,de,'Kinder'
https://www.zeit.de/feuilleton/2026-09/prozess-lindsay-clancy-kinder-toetung-solidarisierung-massachusetts,https://www.zeit.de/feuilleton/2026-09/prozess-lindsay-clancy-kinder-toetung-solidarisierung-massachusetts,0,www.zeit.de,Prozess von Lindsay Clancy : Sie stehen ihr bei,Die Amerikanerin Lindsay Clancy soll ihre drei Kinder getötet haben – und vor dem Gerichtssaal in Massachusetts solidarisieren sich Mütter mit ihr. Was ist da los?,https://img.zeit.de/feuilleton/2026-09/lindsay-clancy-trial-bild/wide__1300x731,2026-09-04T16:07:34Z,,"Viele, viele Menschen interessierten sich für den Fall von Lindsay Clancy, einer in Massachusetts des Kindesmords angeklagten Frau, aber Mütter auf eine besondere Weise. Amerikanische Mütter, andere … [+870 chars]",,de,'Kinder'
https://www.tagesspiegel.de/berlin/profis-verraten-ihre-pflanzentipps-so-machen-sie-ihren-balkon-fit-fur-den-herbst-16016829.html,https://www.tagesspiegel.de/berlin/profis-verraten-ihre-pflanzentipps-so-machen-sie-ihren-balkon-fit-fur-den-herbst-16016829.html,0,www.tagesspiegel.de,Profis verraten ihre Pflanzentipps: So machen Sie Ihren Balkon fit für den Herbst,"Der Sommer ist vorbei, die Balkonsaison auch? Von wegen. Zwei Berliner Experten verraten, wie Balkonpflanzen die kalte Jahreszeit überstehen und was auch bei Kälte blüht.",https://www.tagesspiegel.de/images/16019818/alternates/BASE_16_9_W1400/1788529107000/balkon004-autumn-flowers-and-fruits-arranged-on-a-balcony.jpeg,2026-09-04T17:53:13Z,,"Der Herbst bringt kühlere Temperaturen, mehr Regen und kürzere Tage mit sich das bedeutet neue Aufgaben für Balkonliebhaber. Was im Sommer noch richtig war, kann den Pflanzen jetzt schaden. Zwei Expe… [+87 chars]",,de,'Kälte'
https://www.faz.net/aktuell/gesellschaft/kriminalitaet/prozess-gegen-mutmassliche-kindsmoerderin-lindsay-clancy-geplatzt-201196548.html,https://www.faz.net/aktuell/gesellschaft/kriminalitaet/prozess-gegen-mutmassliche-kindsmoerderin-lindsay-clancy-geplatzt-201196548.html,0,www.faz.net,Nach Geständnis: Der Prozess gegen Lindsay Clancy ist geplatzt,"Die frühere Krankenschwester hatte die Tötung ihrer Kinder gestanden, laut ihrem Anwalt war sie aber schuldunfähig. Die Geschworenen können sich nicht einigen.",https://media0.faz.net/image/w1200h627/b93abbfeaa57/w3000h1567x0y109o/202609/43601.0.2512430125/die-fruehere-krankenschwester.webp,2026-09-04T18:52:17Z,,"In den USA ist der aufsehenerregende Prozess gegen die mutmaßliche Kindsmörderin Lindsay Clancy geplatzt. Der Richter stellte am Freitag in Plymouth im Bundesstaat Massachusetts abschließend fest, da… [+1170 chars]",,de,'Kinder'
https://www.zeit.de/gesellschaft/zeitgeschehen/2026-09/lindsay-clancy-verfahren-ungueltig-massachusetts-kindsmord-wochenbettpsychose,https://www.zeit.de/gesellschaft/zeitgeschehen/2026-09/lindsay-clancy-verfahren-ungueltig-massachusetts-kindsmord-wochenbettpsychose,0,www.zeit.de,USA: US-Prozess gegen mutmaßliche Kindsmörderin Lindsay Clancy geplatzt,"Lindsay Clancy hat gestanden, ihre drei Kinder getötet zu haben. Die Geschworenen konnten sich jedoch nicht auf die Schuldfähigkeit der Frau einigen.",https://img.zeit.de/gesellschaft/zeitgeschehen/2026-09/lindsay-clancy-prozess-massachusetts-kindsmord-wochenbettpsychose-foto-1/wide__1300x731,2026-09-04T19:17:39Z,,"In den USA ist der Prozess gegen die mutmaßliche Kindsmörderin Lindsay Clancy geplatzt. Der Richter stellte am Freitag in Plymouth im Bundesstaat Massachusetts abschließend fest, dass sich die Geschw… [+1487 chars]",,de,'Kinder'
https://www.zeit.de/news/2026-09/04/prozess-um-tod-dreier-kinder-in-den-usa-endet-ohne-urteil,https://www.zeit.de/news/2026-09/04/prozess-um-tod-dreier-kinder-in-den-usa-endet-ohne-urteil,0,www.zeit.de,Mentale Gesundheit: Prozess um Tod dreier Kinder in den USA endet ohne Urteil,Hier finden Sie Informationen zu dem Thema „Mentale Gesundheit“. Lesen Sie jetzt „Prozess um Tod dreier Kinder in den USA endet ohne Urteil“.,https://img.zeit.de/news/2026-09/04/prozess-um-tod-dreier-kinder-in-den-usa-endet-ohne-urteil-image-group/wide__1300x731,2026-09-04T19:24:54Z,,Im aufsehenerregenden Prozess gegen eine Mutter wegen der Tötung ihrer drei kleinen Kinder ist das Verfahren vorerst gescheitert. Das erklärte Richter William Sullivan im US-Bundesstaat Massachusetts… [+2430 chars],,de,'Kinder'
https://www.zeit.de/news/2026-09/05/2-001-kinder-in-berlin-lebten-2025-in-einer-pflegefamilie,https://www.zeit.de/news/2026-09/05/2-001-kinder-in-berlin-lebten-2025-in-einer-pflegefamilie,0,www.zeit.de,Berliner Pflegefamilientag: 2.001 Kinder in Berlin lebten 2025 in einer Pflegefamilie,Hier finden Sie Informationen zu dem Thema „Berliner Pflegefamilientag“. Lesen Sie jetzt „2.001 Kinder in Berlin lebten 2025 in einer Pflegefamilie“.,https://img.zeit.de/news/2026-09/05/2-001-kinder-in-berlin-lebten-2025-in-einer-pflegefamilie-image-group/wide__1300x731,2026-09-05T03:30:07Z,,"2.001 Kinder und Jugendliche lebten Ende 2025 in Berlin in einer Pflegefamilie. Die Zahl ist in den vergangenen Jahren kontinuierlich zurückgegangen, wie die Sozialverwaltung für Bildung, Jugend und … [+2115 chars]",,de,'Kinder'
https://www.faz.net/aktuell/politik/ausland/auch-wer-in-russland-todkranken-kindern-hilft-wird-verfolgt-accg-201187457.html,https://www.faz.net/aktuell/politik/ausland/auch-wer-in-russland-todkranken-kindern-hilft-wird-verfolgt-accg-201187457.html,0,www.faz.net,"Repression in Russland: Auch wer todkranken Kindern hilft, wird verfolgt","Moskaus Behörden klagen Hospiz-Gründerin Lida Moniawa wegen kriegskritischer Posts an. Ein Gericht verzichtet auf U-Haft, doch das Verfahren bleibt.",https://media0.faz.net/image/w1200h627/81d5d74d963c/w4710h2460x236y573o/202609/43601.0.2502944978/umjubelt-lida-moniawa-am.webp,2026-09-05T06:10:18Z,,"Lida Moniawa, die Gründerin des Kinderhospizes Haus mit Leuchtturm in Moskau, kennt Russlands Räderwerk der Repression genau. Das teuflische Theater weicht nicht vom Drehbuch ab, die Schauspieler spi… [+5212 chars]",,de,'öffentliche Gebäude'
https://www.faz.net/aktuell/rhein-main/wirtschaft/gaspreise-steigen-was-verbraucher-jetzt-tun-koennen-accg-201183157.html,https://www.faz.net/aktuell/rhein-main/wirtschaft/gaspreise-steigen-was-verbraucher-jetzt-tun-koennen-accg-201183157.html,0,www.faz.net,Deutlicher Preisanstieg: Mit diesen Schritten können Gaskunden Kosten sparen,"Erdgas ist so teuer wie lange nicht. Verbraucherschützer rechnen mit einer herausfordernden Heizperiode. Wer jetzt seinen Tarif prüft, kann sich möglicherweise noch gegen weitere Preiserhöhungen absichern.",https://media0.faz.net/image/w1200h627/77d9312533a7/w5392h2817x0y667o/202608/43601.0.2394461758/man-mag-kaum-hinschauen.webp,2026-09-05T06:15:21Z,,"Der Konflikt im Nahen Osten ist wieder aufgeflammt, damit stirbt die Hoffnung der Branche, die Straße von Hormus, der wichtigste Transportweg in der Welt für die Energiewirtschaft, könne wieder geöff… [+5367 chars]",,de,'Heizkosten'
https://www.faz.net/aktuell/rhein-main/wirtschaft/erdgas-wird-noch-teurer-was-verbraucher-jetzt-tun-sollten-accg-201183157.html,https://www.faz.net/aktuell/rhein-main/wirtschaft/erdgas-wird-noch-teurer-was-verbraucher-jetzt-tun-sollten-accg-201183157.html,0,www.faz.net,Deutlicher Preisanstieg: Gas-Kunden sollten jetzt neue Verträge schließen,"Erdgas ist so teuer wie lange nicht. Verbraucherschützer rechnen mit einer herausfordernden Heizperiode. Wer jetzt seinen Tarif prüft, kann das Schlimmste vielleicht noch abwehren.",https://media0.faz.net/image/w1200h627/77d9312533a7/w5392h2817x0y667o/202608/43601.0.2394461758/man-mag-kaum-hinschauen.webp,2026-09-05T06:15:21Z,,"Der Konflikt im Nahen Osten ist wieder aufgeflammt, damit stirbt die Hoffnung der Branche, die Straße von Hormus, der wichtigste Transportweg in der Welt für die Energiewirtschaft, könne wieder geöff… [+5363 chars]",,de,'Gas'
https://www.focus.de/finanzen/news/erst-putin-jetzt-trump-experten-warnen-vor-deutschlands-neuer-gas-abhaengigkeit-unter-trump-ueber-90-prozent-us-lngg_4e691431-7808-416c-8e33-7ad7aef76ec1.html,https://www.focus.de/finanzen/news/erst-putin-jetzt-trump-experten-warnen-vor-deutschlands-neuer-gas-abhaengigkeit-unter-trump-ueber-90-prozent-us-lngg_4e691431-7808-416c-8e33-7ad7aef76ec1.html,0,www.focus.de,"Erst Putin, jetzt Trump: Experten warnen vor Deutschlands neuer Gas-Abhängigkeit unter Trump - über 90 Prozent US-LNGG","Deutschland bezieht immer mehr LNG aus den USA. Russland zeigt, welche Risiken eine neue Gas-Abhängigkeit birgt.","https://quadro.burda-forward.de/ctf/dd7f8feb-de62-4690-9c27-869aa31a775e.8b558521-6d22-4662-9aea-60c4aef550a0.jpeg?im=RegionOfInterestCrop=(1200,630),regionOfInterest=(1898,754)&hash=e2e53cb41305483c956f857dcd3bd05e98180818a00ba09d342f0ca7389e4f45",2026-09-05T06:49:00Z,,Deutschland hat Putins Gashahn mit Schmerzen überstanden doch die Geschichte der deutschen Gasabhängigkeit ist damit nicht vorbei. Vier Jahre nach dem russischen Angriff auf die Ukraine kommt ein gro… [+5927 chars],,de,'Gas'
https://www.welt.de/kultur/literarischewelt/article6a98f5b4c53a6557d48ddd30/vertriebene-nach-1945-den-polen-waren-sie-nicht-polnisch-den-deutschen-nicht-deutsch-genug.html,https://www.welt.de/kultur/literarischewelt/article6a98f5b4c53a6557d48ddd30/vertriebene-nach-1945-den-polen-waren-sie-nicht-polnisch-den-deutschen-nicht-deutsch-genug.html,0,www.welt.de,"„Vor allem Frauen, Kinder und Alte spürten die Rache“","In der polnischen Stadt Lodz, wo die Nazis brutal wüteten, gab es eine deutsche Minderheit. Zu ihr gehörten Elsa und Paul. Jetzt erzählt ihr Enkel ihre Geschichte. Ein Interview über unpolitische Menschen, die vertrieben und enteignet wurden.",https://images.welt.de/6a98f5b4c53a6557d48ddd30/6f1aa949f4e4f9be7b205eca1439d29b/ci16x9-w1200/230-else-passfoto-c-privatsammlung-andreas-kossert-jpg,2026-09-05T07:22:33Z,,"In der polnischen Stadt Lodz, wo die Nazis brutal wüteten, gab es eine deutsche Minderheit. Zu ihr gehörten Elsa und Paul. Jetzt erzählt ihr Enkel ihre Geschichte. Ein Interview über unpolitische Men… [+14190 chars]",,de,'Kinder'
https://www.n-tv.de/wirtschaft/Europa-haengt-am-russischen-LNG-Hahn-dreht-die-Ukraine-ihn-ab-id31265765.html,https://www.n-tv.de/wirtschaft/Europa-haengt-am-russischen-LNG-Hahn-dreht-die-Ukraine-ihn-ab-id31265765.html,0,www.n-tv.de,Putins verwundbare Gasflotte: Europa hängt am russischen LNG-Hahn - dreht die Ukraine ihn ab?,Im Sommer verwandelt die Ukraine Russlands wichtigste Geldquelle in eine strategische Schwachstelle: das Ölgeschäft. Dasselbe könnte sie mit russischen LNG-Lieferungen machen. 15 Tanker halten den Export am Laufen. Sie rücken in Reichweite. Doch es gibt ein P…,https://www.n-tv.de/img/31265771/1788439979/Img_16_9/1200/387773714.jpg,2026-09-05T14:14:38Z,,"Für LNG-Lieferungen aus dem hohen Norden sind ebenso teure wie seltene Tanker der Eisklasse nötig. (Foto: picture alliance/dpa/TASS)
Im Sommer verwandelt die Ukraine Russlands wichtigste Geldquelle … [+6822 chars]",,de,'Kerosin'
https://www.tagesspiegel.de/wirtschaft/dpa-wahl-in-sachsen-anhalt-16021863.html,https://www.tagesspiegel.de/wirtschaft/dpa-wahl-in-sachsen-anhalt-16021863.html,0,www.tagesspiegel.de,Wahl in Sachsen-Anhalt: Chef von Dax-Konzern: AfD hat „dramatisch falsche Botschaft“,Rückkehr zu Kohle und Atom? Siemens-Energy-Chef Bruch sieht das AfD-Programm als Gefahr für Innovation und Verlässlichkeit.,https://www.tagesspiegel.de/images/16021862/alternates/BASE_16_9_W1400/1788666385000/wahlkampf-sachsen-anhalt-afd.jpeg,2026-09-06T03:46:24Z,,"Vor der Landtagswahl in Sachsen-Anhalt warnt der Chef des Dax-Konzerns Siemens Energy mit Nachdruck vor der Wirtschaftspolitik der AfD. Das Programm der Partei, die unter anderem eine Rückkehr zu Koh… [+3533 chars]",,de,'Atomkraft'
https://www.n-tv.de/wirtschaft/Nostalgische-Politik-der-AfD-wirft-Deutschland-immer-weiter-zurueck-id31273999.html,https://www.n-tv.de/wirtschaft/Nostalgische-Politik-der-AfD-wirft-Deutschland-immer-weiter-zurueck-id31273999.html,0,www.n-tv.de,"Warnung des Siemens-Energy-Chefs: ""Nostalgische Politik der AfD wirft Deutschland immer weiter zurück""","Die AfD wirbt in ihrem Programm für die Landtagswahl in Sachsen-Anhalt für eine Rückkehr zu Vergangenem, unter anderem Atomkraft und Kohle. Der Chef von Siemens Energy hält diese Botschaft für ""dramatisch falsch"". Er fürchtet um den Wirtschaftsstandort.",https://www.n-tv.de/img/31274001/1788676305/Img_16_9/1200/614842249.jpg,2026-09-06T05:16:19Z,,"Warnung des Siemens-Energy-Chefs""Nostalgische Politik der AfD wirft Deutschland immer weiter zurück""
Christian Bruch blickt mit Sorge auf die Wahl in Sachsen-Anhalt. (Foto: picture alliance/dpa)
Di… [+3915 chars]",,de,'Kohle'
https://www.faz.net/aktuell/gesellschaft/ungluecke/kap-verde-bus-mit-schuelern-verunglueckt-25-tote-accg-201198769.html,https://www.faz.net/aktuell/gesellschaft/ungluecke/kap-verde-bus-mit-schuelern-verunglueckt-25-tote-accg-201198769.html,0,www.faz.net,Insel Fogo: Ausflugsbus mit Schülern verunglückt auf Kap Verde – 25 Tote,Der Bus ist von der Straße abgekommen und eine Klippe hinabgestürzt. An Bord waren Kinder und Jugendliche.,https://media0.faz.net/image/w1200h627/c657f3da33f8/w5300h2769x0y375o/202609/09a8fcb8-120d-470f-be0a-00e63e412fce/eine-strasse-mit.webp,2026-09-06T08:38:14Z,,"Bei einem schweren Busunfall auf der Insel Fogo der Inselrepublik Kap Verde sind örtlichen Medienberichten zufolge 25 Menschen ums Leben gekommen. Der Bus, in dem Kinder und Jugendliche auf einer Aus… [+691 chars]",,de,'Kinder'
https://www.diepresse.com/41235428/leere-gasspeicher-in-europa-noch-kann-man-sich-vor-hohen-preisen,https://www.diepresse.com/41235428/leere-gasspeicher-in-europa-noch-kann-man-sich-vor-hohen-preisen,0,www.diepresse.com,Leere Gasspeicher in Europa? Noch kann man sich vor hohen Preisen schützen [premium],Pünktlich zum Sommerende grassiert in Europa die Sorge vor einer neuen Gaskrise. Die heimische Staatsreserve lindert das Risiko in Österreich – und das um deutlich weniger Steuergeld als gedacht. Gegen steigende Börsenpreise hilft sie aber nicht.,https://img.diepresse.com/public/incoming/fzed6o-apaimg531632797hrjpg/alternates/WEBP_WIDE_1200/APAIMG_531632797.HR.jpg,2026-09-06T17:59:39Z,,"Dieser Winter wird richtig teuer. So oder so ähnlich wird die Warnung lauten, die der deutsche Verband der Gasspeicherbetreiber INES am morgigen Dienstag in der Öffentlichkeit verbreiten wird. Und da… [+4392 chars]",,de,'Gas'
https://www.diepresse.com/41236891/gasreserve-wird-billiger-oesterreich-spart-millionen-bei-der,https://www.diepresse.com/41236891/gasreserve-wird-billiger-oesterreich-spart-millionen-bei-der,0,www.diepresse.com,Gasreserve wird billiger: Österreich spart Millionen bei der Speicherung,"Wurden bisher Kosten von 94 Millionen Euro pro Jahr veranschlagt, soll die Einspeicherung nun für die Jahre 2027/28 und 2028/29 je 38,75 Millionen Euro betragen. Minister Hattmannsdorfer sieht die Reserve bis 1. April 2029 gesichert.",https://img.diepresse.com/public/incoming/pn7t3z-22730394793943346bldhiresjpg/alternates/WEBP_WIDE_1200/22730394793943346_BLD_HiRes.jpg,2026-09-07T05:05:36Z,,"Die Presse auf Google als bevorzugte Nachrichtenquelle hinzufügen.
 Die Speicherung der strategische Gasreserve kommt Österreich nun billiger als ursprünglich geplant: Wurden bisher für die Einspeic… [+1868 chars]",,de,'Gasspeicher'
https://www.welt.de/gesundheit/article6a9d30cf181cb962d4885475/schlechte-luft-dieses-risiko-im-klassenzimmer-wurde-bislang-unterschaetzt.html,https://www.welt.de/gesundheit/article6a9d30cf181cb962d4885475/schlechte-luft-dieses-risiko-im-klassenzimmer-wurde-bislang-unterschaetzt.html,0,www.welt.de,Dieses Risiko im Klassenzimmer wurde bislang unterschätzt,"Forscher haben die Atemluft in Schulen untersucht. Dabei entdeckten sie Hinweise auf Belastungen, die schädlichen Einfluss auf die Lungenfunktion der Kinder haben können.",https://images.welt.de/6a9d30cf181cb962d4885475/89939dc589416ffb8e074437802af473/ci16x9-w1200/615306811-jpg,2026-09-07T05:16:48Z,,"Forscher haben die Atemluft in Schulen untersucht. Dabei entdeckten sie Hinweise auf Belastungen, die schädlichen Einfluss auf die Lungenfunktion der Kinder haben können.Klicken Sie hier, um sich Art… [+4063 chars]",,de,'Geschlecht'
https://orf.at/stories/3441416/,https://orf.at/stories/3441416/,0,orf.at,Strategische Gasreserve: Speicherung kommt nun billiger,,https://orf.at/mojo/1_4_1/storyserver//news/common/images/og-fallback-news.png,2026-09-07T05:22:29Z,,"Die Speicherung der strategischen Gasreserve kommt Österreich billiger als ursprünglich geplant: Wurden bisher für die Einspeicherung Kosten von 94 Mio. Euro pro Jahr veranschlagt, belaufen sich die … [+1443 chars]",,de,'Gasspeicher'
https://www.faz.net/aktuell/rhein-main/kultur/wenn-eltern-die-schule-streichen-es-koennte-besser-laufen-accg-201199138.html,https://www.faz.net/aktuell/rhein-main/kultur/wenn-eltern-die-schule-streichen-es-koennte-besser-laufen-accg-201199138.html,0,www.faz.net,Farbreste: Wenn Eltern die Schule streichen,"Alle reden von Selbstwirksamkeit. Wenn Eltern an einem Wochenende die städtische Schule ihrer Kinder renovieren, kann man die erleben. Muss aber auch ein paar Fragen zum Gemeinsinn stellen.",https://media0.faz.net/image/w1200h627/5b4b94d3686a/w3000h1567x0y268o/201608/431.0.28481335/waende-streichen-kann-richtig.webp,2026-09-07T10:46:01Z,,"So sieht Motivation aus. Gut 60 gutgelaunte Mütter und Väter, ein paar Schüler, die Schulleiter und viele Farbeimer an einem Samstagmorgen im Schulhof. Einem Frankfurter Schulhof, um genau zu sein. U… [+1581 chars]",,de,'Kinder'
https://www.faz.net/aktuell/gesellschaft/menschen/prinz-george-internat-eton-kostet-70-000-euro-im-jahr-accg-201201315.html,https://www.faz.net/aktuell/gesellschaft/menschen/prinz-george-internat-eton-kostet-70-000-euro-im-jahr-accg-201201315.html,0,www.faz.net,Schulbeginn Bei Windsors: Georges Internat kostet 70.000 Euro im Jahr,"Die britischen Royals schicken ihre Kinder auf exklusive Privatschulen. Für Prinz George, Archie und Lilibet beginnt in dieser Woche der Unterricht. Mitschüler werden um absolute Diskretion gebeten.",https://media0.faz.net/image/w1200h627/cf930da256a8/w7892h4123x0y231o/202609/43601.0.2519420871/das-traditionsreichste.webp,2026-09-07T11:23:58Z,,"An diesem Dienstag muss der 13 Jahre alte Prinz George zum ersten Mal in seine neue Schuluniform schlüpfen das kragenlose weiße Hemd, die gestreiften Hosen und die schwarze Jacke mit den Schwalbensch… [+4502 chars]",,de,'Kinder'
https://www.zeit.de/news/2026-09/07/bauforscher-klimaneutrale-gasheizungen-nicht-machbar,https://www.zeit.de/news/2026-09/07/bauforscher-klimaneutrale-gasheizungen-nicht-machbar,0,www.zeit.de,Vor Start der Nordbau: Bauforscher: Klimaneutrale Gasheizungen «nicht machbar»,Hier finden Sie Informationen zu dem Thema „Vor Start der Nordbau“. Lesen Sie jetzt „Bauforscher: Klimaneutrale Gasheizungen «nicht machbar»“.,https://img.zeit.de/news/2026-09/07/bauforscher-klimaneutrale-gasheizungen-nicht-machbar-image-group/wide__1300x731,2026-09-07T11:26:57Z,,"Der Leiter des Bauforschungsinstituts Arge, Dietmar Walberg, hat das im Juli von der Bundesregierung beschlossene Gebäudemodernisierungsgesetz scharf kritisiert. «Wenn man etwas technologieoffen besc… [+2626 chars]",,de,'Gas'
https://www.derstandard.at/story/3000000338771/gaspreis-bleibt-hoch-keine-entspannung-in-sicht,https://www.derstandard.at/story/3000000338771/gaspreis-bleibt-hoch-keine-entspannung-in-sicht,0,www.derstandard.at,"Gaspreis bleibt hoch, keine Entspannung in Sicht","Lage im Iran und der Straße von Hormus bleiben unklar. Gasspeicher nicht so gut gefüllt, wie im Vorjahresvergleich",https://i.ds.at/FPZY4Q/rs:fill:1200:600/plain/lido-images/2026/09/07/fc2b9b30-9552-4a9c-ba84-92f34654015e.jpg,2026-09-07T13:15:12Z,,"Sie entscheiden darüber, wie Sie unsere Inhalte nutzen wollen. Ihr Gerät erlaubt uns derzeit leider nicht, die entsprechenden Optionen anzuzeigen.
Bitte deaktivieren Sie sämtliche Hard- und Software… [+180 chars]",,de,'Gasspeicher'
https://www.bild.de/sport/fussball/bvb-kohle-auftrag-an-kovac-6a9ec3d4721eb476650a2c0c,https://www.bild.de/sport/fussball/bvb-kohle-auftrag-an-kovac-6a9ec3d4721eb476650a2c0c,0,www.bild.de,Was die BVB-Bosse jetzt erwarten - Kohle-Auftrag an Kovac!,BVB: Kovac unter Sieg-Druck – es geht um die Champions-League-Prämien,"https://images.bild.de/6a9ec3d4721eb476650a2c0c/42677c11b8287767a7eee847b13969a5,7ad50356?w=1280",2026-09-07T15:09:47Z,,"TTS-Player überspringenArtikel weiterlesenDortmund Ab jetzt geht es nicht nur um den Erfolg, sondern auch ums große Geld! Borussia Dortmund startet am Dienstag-Abend (21 Uhr/Amazon Prime, 
Live-Tick… [+1906 chars]",,de,'Kohle'
https://www.bild.de/sport/fussball/rb-leipzig-180-mio-kassiert-schaefer-ist-kohle-koenig-der-bundesliga-6a9e8dd2181cb962d488698d,https://www.bild.de/sport/fussball/rb-leipzig-180-mio-kassiert-schaefer-ist-kohle-koenig-der-bundesliga-6a9e8dd2181cb962d488698d,0,www.bild.de,Spieler für knapp 180 Mio. Euro verkauft! - ER ist der Kohle-König der Bundesliga,Acht Neuzugänge und gleich 18 Abgänge hat Bundesligist RB Leipzig im Sommer getätigt. Suleman Sani geht nun als letzter Spieler.,"https://images.bild.de/6a9e8dd2181cb962d488698d/177b108f7099defce5a250fceb1759b2,7ce530e4?w=1280",2026-09-07T16:14:24Z,,"TTS-Player überspringenArtikel weiterlesenEinen ganzen Spieltagskader hat RB Leipzig im Sommer abgegeben! Nachdem das Transferfenster am Sonntagnacht geschlossen hat, ist mit Suleman Sani (20/Wechsel… [+1979 chars]",,de,'Kohle'
https://burgenland.orf.at/stories/3370203/,https://burgenland.orf.at/stories/3370203/,0,burgenland.orf.at,Burgenland für Cyberattacken gewappnet,Das Burgenland erweitert seine digitale Infrastruktur mit einem hochsicheren Multipunkt-Kommunikationsnetz im Raum Oberwart. Es soll auch bei Blackouts oder Cyberangriffen funktionsfähig bleiben und gilt als abhörsicher.,https://ibs.orf.at/bgl?image=https%3A%2F%2Foekastatic.orf.at%2Fmims%2F2025%2F39%2F64%2Fcrops%2Fw%3D1200%2Ch%3D627%2Cq%3D75%2F2775349_master_1070064_300101_ooeh_fokus_ki_in_der_verbrechenbekaempfung_00_00_10_18.jpg%3Fs%3D951a109575726351e29ccd0677e7113c1adf3d71,2026-09-08T03:46:00Z,,Unter der Leitung der BE Technology GmbH (BET) wurde das Netz im Raum Oberwart auf eine sogenannte Multipunktkommunikation erweitert. Ab sofort können mehrere Standorte gleichzeitig in einem gemeinsa… [+658 chars],,de,'Blackout'
https://www.zeit.de/news/2026-09/08/verband-komplett-leere-gasspeicher-im-februar-sind-moeglich,https://www.zeit.de/news/2026-09/08/verband-komplett-leere-gasspeicher-im-februar-sind-moeglich,0,www.zeit.de,Energieversorgung: Verband: Komplett leere Gasspeicher im Februar sind möglich,Hier finden Sie Informationen zu dem Thema „Energieversorgung“. Lesen Sie jetzt „Verband: Komplett leere Gasspeicher im Februar sind möglich“.,https://img.zeit.de/news/2026-09/08/verband-komplett-leere-gasspeicher-im-februar-sind-moeglich-image-group/wide__1300x731,2026-09-08T04:00:05Z,,"Deutschlands Gasspeicher könnten einer Branchenschätzung zufolge Anfang Februar vollständig leer sein, sollte der Winter sehr kalt werden. Das geht aus einem Papier des Gasspeicher-Verbandes Ines her… [+3000 chars]",,de,'Gasspeicher'
https://www.tagesspiegel.de/wirtschaft/dpa-energieversorgung-16028927.html,https://www.tagesspiegel.de/wirtschaft/dpa-energieversorgung-16028927.html,0,www.tagesspiegel.de,Energieversorgung: Verband: Komplett leere Gasspeicher im Februar sind möglich,"Der Herbst steht vor der Tür, die Heizsaison beginnt bald. Wird das Gas reichen für den Winter? Die Gasspeicher sind mäßig gefüllt. Doch es gibt ja noch andere Bezugsquellen.",https://www.tagesspiegel.de/images/16028926/alternates/BASE_16_9_W1400/1788840074000/gasspeicher.jpeg,2026-09-08T04:01:14Z,,"Deutschlands Gasspeicher könnten einer Branchenschätzung zufolge Anfang Februar vollständig leer sein, sollte der Winter sehr kalt werden. Das geht aus einem Papier des Gasspeicher-Verbandes Ines her… [+3056 chars]",,de,'Gasspeicher'
https://www.zeit.de/wirtschaft/2026-09/gasspeicher-deutschland-winter-leer-initiative-energien-speichern,https://www.zeit.de/wirtschaft/2026-09/gasspeicher-deutschland-winter-leer-initiative-energien-speichern,0,www.zeit.de,Gasspeicher in Deutschland: Deutschlands Gasspeicher könnten laut Verband im Februar leer sein,"Sind die Gasspeicher im November nur zu drei Viertel gefüllt, reichen diese Vorräte nicht, wenn der Winter kalt wird. Deutschland kann aber über andere Wege Gas bekommen.",https://img.zeit.de/wirtschaft/2026-09/gasspeicher-deutschland-winter-leer-initiative-energien-speichern-foto-1/wide__1300x731,2026-09-08T05:22:45Z,,"Deutschlands Gasspeicher könnten Anfang Februar vollständig leer sein, sollte der Winter sehr kalt werden. Das geht aus einem Papier des Gasspeicher-Verbandes Ines hervor, das mehrere Szenarien durch… [+978 chars]",,de,'Gasspeicher'
https://www.sueddeutsche.de/wirtschaft/erdgasspeicher-deutschland-winterengpass-li.3544149,https://www.sueddeutsche.de/wirtschaft/erdgasspeicher-deutschland-winterengpass-li.3544149,0,www.sueddeutsche.de,Energieversorgung: Verband: Gas könnte im Winter knapp werden,"Bald beginnt die Heizsaison. Doch die Gasspeicher sind nur mäßig gefüllt. Der Gasspeicher-Verband INES warnt vor möglichen Engpässen, verfolgt aber auch eigene Interessen.",https://www.sueddeutsche.de/2026/09/08/07b36111-0a65-4a74-8140-5c5a671076f0.jpg?q=60&fm=webp&width=1200&rect=0%2C206%2C4000%2C2250,2026-09-08T06:46:31Z,,Den Szenarien des Verbandes zufolge kann technisch bis zum 1. November noch ein Füllstand von rund 77 Prozent erreicht werden. Dafür müsste sich das Befüllungstempo jedoch erheblich erhöhen. In den v… [+1590 chars],,de,'Gasspeicher'
https://www.n-tv.de/wirtschaft/Fuellstand-der-Gasspeicher-erreicht-historisches-Tief-id31281026.html,https://www.n-tv.de/wirtschaft/Fuellstand-der-Gasspeicher-erreicht-historisches-Tief-id31281026.html,0,www.n-tv.de,"""Zu wenig für extreme Kälte"": Füllstand der Gasspeicher erreicht historisches Tief",Der Iran-Krieg und eine ungünstige Preisentwicklung auf dem Gasmarkt wirken sich auf die Energieversorgung in Deutschland aus. Derzeit sind die Gasspeicher nur zu gut der Hälfte gefüllt. Das Bundeswirtschaftsministerium will nichts unternehmen - trotz Füllsta…,https://www.n-tv.de/img/31281105/1788857403/Img_16_9/1200/image.jpg,2026-09-08T08:14:51Z,,"Ines zufolge ist die Auffüllung der Gasspeicher auf rund 77 Prozent technisch zwar noch möglich, aber eine Herausforderung. (Foto: dpa)
Der Iran-Krieg und eine ungünstige Preisentwicklung auf dem Ga… [+3119 chars]",,de,'Gas'
https://www.bild.de/news/inland/emmerich-lkw-fahrer-fluechtet-nach-toedlichem-unfall-auf-a3-6a9fbd021c634564db63200f,https://www.bild.de/news/inland/emmerich-lkw-fahrer-fluechtet-nach-toedlichem-unfall-auf-a3-6a9fbd021c634564db63200f,0,www.bild.de,"Mann tot, Schwangere und Kind verletzt - LKW-Fahrer nach Horror-Crash auf der Flucht","Niederländischer Lkw-Fahrer flieht nach Unfall bei Emmerich. Ein Mann starb, eine Schwangere und ein Kind wurden lebensgefährlich verletzt.","https://images.bild.de/6a9fbd021c634564db63200f/c2e36ca79384e0b2d2059fd46d49237b,3d4c94b4?w=1280",2026-09-08T08:29:05Z,,TTS-Player überspringenArtikel weiterlesenEmmerich Ein niederländischer Lkw-Fahrer ist nach einem tödlichen Unfall auf der A3 bei Emmerich (Nordrhein-Westfalen) geflüchtet. Ein Mann (37) aus Wupperta… [+1370 chars],,de,'Schwangere'
https://www.telepolis.de/article/Gasspeicher-nur-halb-voll-INES-warnt-vor-Engpaessen-im-kalten-Winter-11444802.html,https://www.telepolis.de/article/Gasspeicher-nur-halb-voll-INES-warnt-vor-Engpaessen-im-kalten-Winter-11444802.html,0,www.telepolis.de,Gasspeicher nur halb voll: INES warnt vor Engpässen im kalten Winter,Deutschlands Gasspeicher sind Anfang September nur zu 54 Prozent gefüllt – ein historischer Tiefstand. Bei extremer Kälte drohen laut Verband Versorgungslücken.,https://heise.cloudimg.io/v7/_www-heise-de_/imgs/18/5/1/6/0/8/0/3/euro-heizung_ho-ddc6947a94c8815d.jpg?func=bound&height=1200&org_if_sml=1&q=85&width=1200,2026-09-08T08:30:00Z,,"Die Füllstände der deutschen Gasspeicher sind besorgniserregend niedrig, was Heizen teurer machen dürfte.
Deutschlands Gasspeicher sind Anfang September nur zu 54 Prozent gefüllt ein historischer Ti… [+4703 chars]",,de,'Kälte'
https://www.diepresse.com/41242879/historisch-niedriger-fuellstand-deutsche-gasspeicher-betreiber-warnen,https://www.diepresse.com/41242879/historisch-niedriger-fuellstand-deutsche-gasspeicher-betreiber-warnen,0,www.diepresse.com,„Historisch niedriger Füllstand“: Deutsche Gasspeicher-Betreiber warnen vor geringen Winterreserven,In Österreich sind die Gasspeicher laut dem Gasnetz-Verwalter AGGM aktuell zu 67 Prozent gefüllt.,https://img.diepresse.com/public/incoming/b5d4w3-22730394791696086bldhiresjpg/alternates/WEBP_WIDE_1200/22730394791696086_BLD_HiRes.jpg,2026-09-08T08:36:13Z,,"Die Presse auf Google als bevorzugte Nachrichtenquelle hinzufügen.
 Die Betreiber von Gasspeichern in Deutschland haben vor einem sich schließenden Zeitfenster für die Befüllung ihrer Anlagen gewarn… [+2172 chars]",,de,'Gasspeicher'
https://www.zeit.de/news/2026-09/08/weniger-kita-kinder-unter-drei-jahren-in-hessen,https://www.zeit.de/news/2026-09/08/weniger-kita-kinder-unter-drei-jahren-in-hessen,0,www.zeit.de,Kinderbetreuung: Weniger Kita-Kinder unter drei Jahren in Hessen,Hier finden Sie Informationen zu dem Thema „Kinderbetreuung“. Lesen Sie jetzt „Weniger Kita-Kinder unter drei Jahren in Hessen“.,https://img.zeit.de/news/2026-09/08/weniger-kita-kinder-unter-drei-jahren-in-hessen-image-group/wide__1300x731,2026-09-08T09:24:37Z,,In Hessen sind im Frühjahr dieses Jahres rund 281.830 Kinder unter 14 Jahren in Kindertageseinrichtungen oder von Tagesmüttern und Tagesvätern betreut worden. Die Gesamtzahl mit Stichtag 1. März 2026… [+850 chars],,de,'Kinder'
https://www.zeit.de/politik/deutschland/2026-09/gasversorgung-winter-gasspeicher-fuellstand-katherina-reiche-cdu-ines-gxe,https://www.zeit.de/politik/deutschland/2026-09/gasversorgung-winter-gasspeicher-fuellstand-katherina-reiche-cdu-ines-gxe,0,www.zeit.de,Gasspeicher: Haßelmann beschuldigt Ministerin Reiche der mangelnden Gasvorsorge,Die Grüne Britta Haßelmann wirft Bundeswirtschaftsministerin Katherina Reiche schwere Versäumnisse bei der Gasvorsorge vor. Im kommenden Winter drohe »eine Mangellage«.,https://img.zeit.de/politik/deutschland/2026-09/gasversorgung-winter-gasspeicher-fuellstand-katherina-reiche-cdu-ines-foto-1/wide__1300x731,2026-09-08T09:49:52Z,,Grünen-Co-Fraktionschefin Britta Haßelmann hat Bundeswirtschaftsministerin Katherina Reiche (CDU) schwere Versäumnisse bei der Vorsorge für die Gasversorgung im kommenden Winter vorgeworfen. »Die Gas… [+1529 chars],,de,'Gasspeicher'
https://www.zeit.de/zeit-magazin/leben/2026-09/familie-geschichte-trennung-alkohol-tod-versoehnung,https://www.zeit.de/zeit-magazin/leben/2026-09/familie-geschichte-trennung-alkohol-tod-versoehnung,0,www.zeit.de,Familiengeschichte: »Papa war ein superlieber Mensch. Er hat es einfach nicht hinbekommen«,"Nach einer Totgeburt wird der Vater alkoholkrank. Als die Mutter ihn endlich verlässt, gibt sie die Kinder aus Überforderung in ein Heim. Wie sie wieder zueinander fanden",https://img.zeit.de/zeit-magazin/2026-08/totgeburt-familie-trennung-bild/wide__1300x731,2026-09-08T10:02:47Z,,Anna Maria Wortkamm: Ich wollte immer Kinder. Auch ganz viele. Als Kind liebte ich die Zeit mit meinen Geschwistern. Wir sind viel im Haus herumgeschlichen oder haben im Garten gespielt. Mit 19 lernt… [+812 chars],,de,'Kinder'
https://www.zeit.de/news/2026-09/08/drei-kinder-bei-unfall-mit-taxi-und-transporter-verletzt,https://www.zeit.de/news/2026-09/08/drei-kinder-bei-unfall-mit-taxi-und-transporter-verletzt,0,www.zeit.de,Vorfahrt missachtet: Drei Kinder bei Unfall mit Taxi und Transporter verletzt,Hier finden Sie Informationen zu dem Thema „Vorfahrt missachtet“. Lesen Sie jetzt „Drei Kinder bei Unfall mit Taxi und Transporter verletzt“.,https://img.zeit.de/news/2026-09/08/drei-kinder-bei-unfall-mit-taxi-und-transporter-verletzt-image-group/wide__1300x731,2026-09-08T10:50:49Z,,"Drei Kinder in einem Taxi sind bei einem Unfall bei Epfendorf (Landkreis Rottweil) verletzt worden. Das Taxi sei mit einem Transporter zusammengestoßen, teilte die Polizei mit.
Der 63 Jahre alte Tra… [+319 chars]",,de,'Kinder'
https://www.zeit.de/bildung/2026-09/pisa-studie-bildungspolitik-schule-lehrer,https://www.zeit.de/bildung/2026-09/pisa-studie-bildungspolitik-schule-lehrer,0,www.zeit.de,Pisa-Studie: Liebe Schulen: Pisa ist auch euer Versagen,"Mehr Geld, bessere Politik, fordern jetzt wieder alle. Aber wenn Kinder kaum lesen und rechnen können, sind auch die Lehrer verantwortlich. Sie haben jetzt eine Aufgabe.",https://img.zeit.de/bildung/2026-09/pisa-studie-bildungspolitik-schule-lehrer-bild/wide__1300x731,2026-09-08T11:32:38Z,,"Mit diesem Absturz war zu rechnen. Viele haben ihn
vorausgesehen. Etliche hätten ihn verhindern können. Alle haben zugeschaut. 
Die aktuellen Pisa-Ergebnisse sind für das vermeintliche
Land der Di… [+674 chars]",,de,'Kinder'
https://www.sueddeutsche.de/wirtschaft/gasspeicher-gaspreise-speicherstaende-deutschland-winterbeginn-li.3544202,https://www.sueddeutsche.de/wirtschaft/gasspeicher-gaspreise-speicherstaende-deutschland-winterbeginn-li.3544202,0,www.sueddeutsche.de,"Gasversorgung: Leere Speicher, volles Risiko","Drei Wochen vor Beginn der Heizperiode ist der Füllstand der Gasspeicher immer noch niedrig. Die Branche warnt, das Ministerium mahnt zur Ruhe. Kann das gutgehen?",https://www.sueddeutsche.de/2026/02/02/f5ff9979-cbdb-4e9e-b6b1-19f81696bdc8.jpg?q=60&fm=webp&width=1200&rect=0%2C208%2C4000%2C2250,2026-09-08T12:22:08Z,,"Seit Wochen spiegelt sich diese Marktlage auch in den deutschen Gasspeichern. Drei Wochen vor Beginn der Heizperiode, die formal am 1. Oktober beginnt, sind sie gerade mal zu 55 Prozent gefüllt. Auch… [+4109 chars]",,de,'Gasspeicher'
https://www.zeit.de/news/2026-09/08/schuster-sabotage-haette-regionalen-blackout-ausloesen-koennen,https://www.zeit.de/news/2026-09/08/schuster-sabotage-haette-regionalen-blackout-ausloesen-koennen,0,www.zeit.de,Angriffe auf Energieversorgung: Schuster: Sabotage hätte regionalen Blackout auslösen können,Hier finden Sie Informationen zu dem Thema „Angriffe auf Energieversorgung“. Lesen Sie jetzt „Schuster: Sabotage hätte regionalen Blackout auslösen können“.,https://img.zeit.de/news/2026-09/08/schuster-sabotage-haette-regionalen-blackout-ausloesen-koennen-image-group/wide__1300x731,2026-09-08T13:40:23Z,,"Die an Hochspannungsleitungen in Sachsen gefunden Sprengvorrichtungen hätten laut Innenminister Armin Schuster zu regionalen Stromausfällen führen können. Wenn der Täter erfolgreich gewesen wäre, hät… [+1399 chars]",,de,'Blackout'
https://www.zeit.de/politik/deutschland/2026-09/sprengsaetze-hochspannungsleitungen-sachsen-armin-schuster,https://www.zeit.de/politik/deutschland/2026-09/sprengsaetze-hochspannungsleitungen-sachsen-armin-schuster,0,www.zeit.de,Angriff auf Hochspannungsleitungen: Sabotage in Sachsen hätte wohl regionalen Blackout auslösen können,"Sachsen ist nach den Worten von Innenminister Schuster nur knapp einem Blackout entronnen. Einige Sprengvorrichtungen hatten bereits gezündet, jedoch verbrannte nur Gras.",https://img.zeit.de/politik/deutschland/2026-09/hochspannungsleitungen-anschlag-nrw-brandenburg-armin-schuster-bild/wide__1300x731,2026-09-08T14:10:00Z,,Die an Hochspannungsleitungen in Sachsen gefundenen Sprengvorrichtungen hätten laut Innenminister Armin Schuster zu regionalen Stromausfällen führen können. Wenn der inzwischen festgenommene mutmaßli… [+619 chars],,de,'Blackout'
https://www.faz.net/aktuell/wissen/ab-in-die-botanik/reizgas-ozon-trauerweide-als-unerwartete-quelle-201178154.html,https://www.faz.net/aktuell/wissen/ab-in-die-botanik/reizgas-ozon-trauerweide-als-unerwartete-quelle-201178154.html,0,www.faz.net,Botanik-Kolumne: Reizgas aus der Trauerweide,Bodennahes Ozon reizt im Sommer Augen und Atemwege. Jetzt zeigt sich eine unerwartete Quelle: Einige Baumarten liefern die chemischen Vorläufer für das giftige Gas.,https://media0.faz.net/image/w1200h627/265c61e7b96d/w3000h1567x0y206o/202504/43601.0.950186687/herrlich-aber-gefaehrlich.webp,2026-09-08T14:39:05Z,,"Die Sommer werden heißer, trockener und sonniger, aber vor Ozon wird heute kaum noch gewarnt. Der Grund ist bessere Luft. Der Alarmwert von 240 Mikrogramm pro Kubikmeter Luft, der in den Neunzigerjah… [+3345 chars]",,de,'Gas'
https://www.zeit.de/politik/deutschland/2026-09/sprengsaetze-hochspannungsleitungen-sachsen-armin-schuster-gxe,https://www.zeit.de/politik/deutschland/2026-09/sprengsaetze-hochspannungsleitungen-sachsen-armin-schuster-gxe,0,www.zeit.de,Angriff auf Hochspannungsleitungen: Sabotage in Sachsen hätte wohl regionalen Blackout auslösen können,Sachsen ist laut Innenminister Schuster nur knapp einem Blackout entronnen. Einige Sprengvorrichtungen des gefassten mutmaßlichen Stromsaboteurs hatten schon gezündet.,https://img.zeit.de/politik/deutschland/2026-09/hochspannungsleitungen-anschlag-nrw-brandenburg-armin-schuster-bild/wide__1300x731,2026-09-08T14:45:39Z,,Die an Hochspannungsleitungen in Sachsen gefundenen Sprengvorrichtungen hätten laut Landesinnenminister Armin Schuster zu regionalen Stromausfällen führen können. Wenn der inzwischen festgenommene mu… [+1871 chars],,de,'Blackout'
https://www.faz.net/aktuell/wirtschaft/klima-nachhaltigkeit/gasspeicher-in-deutschland-droht-ein-kalter-winter-201201819.html,https://www.faz.net/aktuell/wirtschaft/klima-nachhaltigkeit/gasspeicher-in-deutschland-droht-ein-kalter-winter-201201819.html,0,www.faz.net,"Gasversorgung: Wehe, wenn der Winter kalt wird",Das deutsche Füllstandsziel kann aus technischen Gründen nicht mehr erreicht werden. Wie es in anderen Ländern aussieht und was das für die kalte Jahreszeit bedeutet.,https://media0.faz.net/image/w1200h627/de201e68dcc5/w5000h2612x0y205o/202609/43601.0.2526625494/auch-die-gasspeicher-in-den.webp,2026-09-08T15:09:35Z,,"Gasspeicher kann man sich vorstellen wie große Luftballons: Man kann Gas hineinpusten, aber nur in einer bestimmten Geschwindigkeit. Fängt man nicht früh genug damit an oder pustet nicht kräftig genu… [+7235 chars]",,de,'Gas'
https://www.prnewswire.com/news-releases/die-bulat-utemuratov-stiftung-stellt-460-millionen-tenge-zur-unterstutzung-des-gasifizierungsprojekts-in-almaty-bereit-302872501.html,https://www.prnewswire.com/news-releases/die-bulat-utemuratov-stiftung-stellt-460-millionen-tenge-zur-unterstutzung-des-gasifizierungsprojekts-in-almaty-bereit-302872501.html,0,www.prnewswire.com,Die Bulat-Utemuratov-Stiftung stellt 460 Millionen Tenge zur Unterstützung des Gasifizierungsprojekts in Almaty bereit,"ALMATY, Kasachstan, 8. September 2026 /PRNewswire/ -- Die Stiftung von Bulat Utemuratov kündigte die Bereitstellung von 460 Millionen Tenge (ca. 1 Million US-Dollar) zur Förderung der Gasversorgung privater Wohnhäuser in Almaty an Die Initiative, die in Zusam…",https://mmx.prnewswire.com/media/MS1983344/0H2A5349-jpg-1.jpg?id=OA2934963&p=facebook,2026-09-08T15:25:00Z,,"ALMATY, Kasachstan, 8. September 2026 /PRNewswire/ -- Die Stiftung von Bulat Utemuratov kündigte die Bereitstellung von 460 Millionen Tenge (ca. 1 Million US-Dollar) zur Förderung der Gasversorgung p… [+2386 chars]",,de,'Kohle'
https://www.bild.de/regional/brandenburg/fehler-des-strom-terroristen-nur-morgentau-verhinderte-mega-blackout-6a9e731e721eb476650a20fc,https://www.bild.de/regional/brandenburg/fehler-des-strom-terroristen-nur-morgentau-verhinderte-mega-blackout-6a9e731e721eb476650a20fc,0,www.bild.de,Fehler des Strom-Terroristen - Nur der Morgentau verhinderte den Mega-Blackout,"Der Klima-Kriminelle hatte alles penibel geplant, wollte Deutschland in einen Mega-Blackout stürzen. Doch ein Detail hatte er scheinbar nicht bedacht.","https://images.bild.de/6a9e731e721eb476650a20fc/090c39ac37a22b20d93cb97ec9d06ee4,a97385f6?w=1280",2026-09-08T15:29:45Z,,Mit selbstgebauten Raketen wollte der Klima-Kriminelle Daniel Viehmann (48) das deutsche Stromnetz treffen und einen Mega-Blackout auslösen. In einem Bekennerschreiben brüstet er sich mit Details. Pe… [+379 chars],,de,'Blackout'
https://www.n-tv.de/wirtschaft/Reiche-stuft-Gasversorgung-trotz-geringerer-Fuellstaende-als-sicher-ein-id31284569.html,https://www.n-tv.de/wirtschaft/Reiche-stuft-Gasversorgung-trotz-geringerer-Fuellstaende-als-sicher-ein-id31284569.html,0,www.n-tv.de,Speicher zu 54 Prozent gefüllt: Reiche stuft Gasversorgung trotz geringerer Füllstände als sicher ein,"Deutschlands Gasspeicher sind vor der nahenden Heizsaison nur zu rund der Hälfte gefüllt. Doch Katherina Reiche scheint dies nicht zu beunruhigen. Zusätzliche staatliche Gaskäufe könnten die Energiepreise in die Höhe treiben, argumentiert die Wirtschaftsminis…",https://www.n-tv.de/img/31284573/1788894861/Img_16_9/1200/591436787.jpg,2026-09-08T18:43:02Z,,"Speicher zu 54 Prozent gefülltReiche stuft Gasversorgung trotz geringerer Füllstände als sicher ein
Das Bundeswirtschaftsministerium ""hat Vorkehrungen getroffen - für jedes Szenario"", betont Katheri… [+2803 chars]",,de,'Gasspeicher'
https://www.bild.de/sport/fussball/bayern-boss-eberl-packt-aus-klopp-kohle-kane-6aa01b73240b302c8a83da87,https://www.bild.de/sport/fussball/bayern-boss-eberl-packt-aus-klopp-kohle-kane-6aa01b73240b302c8a83da87,0,www.bild.de,Bayern-Boss Eberl packt aus - Klopp! Kohle! Kane!,Bayern-Boss Max Eberl (52) sendet eine Kampfansage an die europäische Konkurrenz.,"https://images.bild.de/6aa01b73240b302c8a83da87/c7ccf1b682268c997557bad7e11a8801,bb7bcb6e?w=1280",2026-09-09T01:57:37Z,,"+++Nach Wahl in Sachsen-Anhalt: Trump äußert sich zu AfD-Erfolg
+++Nach Wahl in Sachsen-Anhalt: Trump äußert sich zu AfD-Erfolg
+++Nach Wahl in Sachsen-Anhalt: Trump äußert sich zu AfD-Erfolg
+++N… [+448 chars]",,de,'Kohle'
https://www.zeit.de/news/2026-09/09/zwei-kinder-bei-unwetter-in-freiburg-verletzt,https://www.zeit.de/news/2026-09/09/zwei-kinder-bei-unwetter-in-freiburg-verletzt,0,www.zeit.de,Gewitter: Zwei Kinder bei Unwetter in Freiburg verletzt,Hier finden Sie Informationen zu dem Thema „Gewitter“. Lesen Sie jetzt „Zwei Kinder bei Unwetter in Freiburg verletzt“.,https://img.zeit.de/news/2026-09/09/zwei-kinder-bei-unwetter-in-freiburg-verletzt-image-group/wide__1300x731,2026-09-09T03:28:51Z,,"Bei einem Unwetter in Freiburg sind drei Menschen verletzt worden, davon zwei Kinder. Die Kinder hätten durch umgestürzte Bäume leichte Verletzungen davongetragen, zudem habe eine umgefallene Baustel… [+572 chars]",,de,'Kinder'
https://www.focus.de/gesundheit/news/paracetamol-in-der-schwangerschaft-hat-einfluss-auf-toechter_69510723-0c5b-4ece-bb84-b0f856025d2c.html,https://www.focus.de/gesundheit/news/paracetamol-in-der-schwangerschaft-hat-einfluss-auf-toechter_69510723-0c5b-4ece-bb84-b0f856025d2c.html,0,www.focus.de,Paracetamol in der Schwangerschaft hat Einfluss auf Töchter,"Paracetamol nehmen viele Schwangere gegen Schmerzen. Eine Studie zeigt nun, dass das Medikament die Fortpflanzungsorgane von Töchtern beeinflussen kann.","https://quadro.burda-forward.de/ctf/0cc21d3c-f14f-4a87-963a-4339e77a2557.980eba34-c85c-4a01-80c4-d1e41b9fba2c.jpeg?im=RegionOfInterestCrop=(1200,630),regionOfInterest=(1024,683)&hash=93cd93e367b67106e4aa1937c8053e5114e6db232ca4a78b5e5c6e1c343f75c4",2026-09-09T04:00:00Z,,"Die Einnahme von Paracetamol während der Schwangerschaft könnte einer Studie zufolge bei Mädchen womöglich die Fruchtbarkeit und den Zeitpunkt der Menopause beeinflussen.
Mädchen, deren Mütter währe… [+6640 chars]",,de,'Schwangere'
https://www.faz.net/aktuell/sport/mehr-sport/adina-hausch-im-interview-ueber-missbrauch-und-leistungsdruck-im-turnen-accg-201181685.html,https://www.faz.net/aktuell/sport/mehr-sport/adina-hausch-im-interview-ueber-missbrauch-und-leistungsdruck-im-turnen-accg-201181685.html,0,www.faz.net,Missbrauch im Turnen: „Dieser Leistungsdruck macht die Kinder kaputt“,"Schon als Kind am Bundesstützpunkt fühlt sich Adina Hausch wie in einer Sekte. Mit der F.A.Z. spricht sie zum ersten Mal offen über ihre Missbrauchs-Erfahrungen und sagt, was sich im Turnen ändern sollte.",https://media0.faz.net/image/w1200h627/a580d1c00b0c/w2046h1069x0y147o/202201/43600.0.673187363/die-folgen-der-ueberbelastung.webp,2026-09-09T04:49:37Z,,"Adina Hausch trainierte ab 2003 rund zehn Jahre lang am Bundesstützpunkt Stuttgart, war im Juniorenkader, bestritt Länderkämpfe und internationale Turniere. Ihre Karriere endete mit einer schweren Ve… [+135 chars]",,de,'Kinder'
https://taz.de/Schwangerschaft-und-Alkohol/!6211316/,https://taz.de/Schwangerschaft-und-Alkohol/!6211316/,0,taz.de,Schwangerschaft und Alkohol: Kein Tropfen!,"Schwangere sollten komplett auf Alkohol verzichten, Alkoholmissbrauch hat erhebliche Folgen für das Ungeborene. Der 9. September macht darauf aufmerksam.",https://taz.de/picture/8723469/1200/42012441.jpeg,2026-09-09T05:16:00Z,,"Schwangere sollten komplett auf Alkohol verzichten, Alkoholmissbrauch hat erhebliche Folgen für das Ungeborene. Der 9. September macht darauf aufmerksam. mehr...",,de,'Schwangere'
https://www.spektrum.de/podcast/mission-energiewende-chinas-klimakurs-sonne-wind-und-kohlestrom/2343631,https://www.spektrum.de/podcast/mission-energiewende-chinas-klimakurs-sonne-wind-und-kohlestrom/2343631,0,www.spektrum.de,"Chinas Klimakurs – Sonne, Wind & Kohlestrom","In der Folge des Podcasts »Mission Energiewende« geht es darum, was China macht, um das Klima zu schützen, und wo es noch hakt. ️",https://static.spektrum.de/fm/912/f1920x1080/GettyImages-1336080074.jpg,2026-09-09T05:24:31Z,,"Ein Podcast von 
China für Großteil der Emissionen verantwortlich
Das Bild von China in der deutschen Öffentlichkeit könnte zweigeteilter nicht sein: Einerseits baut China Kohlekraftwerke, 2022 und… [+2021 chars]",,de,'Kohle'
https://www.faz.net/aktuell/gesellschaft/kriminalitaet/menschenunwuerdige-zustaende-stade-sperrt-wohngebaeude-accg-201208909.html,https://www.faz.net/aktuell/gesellschaft/kriminalitaet/menschenunwuerdige-zustaende-stade-sperrt-wohngebaeude-accg-201208909.html,0,www.faz.net,Schimmel und kein Wasser: Stade sperrt Wohngebäude wegen „menschenunwürdiger“ Zustände,"Schwarzer Schimmel, kein fließendes Wasser, keine Heizung: Ein Mehrfamilienhaus in Stade ist in einem desolaten Zustand. Nun ist die Stadt eingeschritten. Die Bewohner kamen in einer Obdachlosenunterkunft unter.",https://media0.faz.net/image/w1200h627/7bb1a87ba62a/w3000h1567x0y163o/202609/43601.0.2527900361/gefaehrlich-fuer-die.webp,2026-09-09T06:27:28Z,,Wegen menschenunwürdiger Wohnverhältnisse hat die Stadtverwaltung in Stade ein Gebäude ohne fließendes Wasser und Heizungen für unbewohnbar erklärt. Das Mehrfamilienhaus im Altländer Viertel sei im B… [+1242 chars],,de,'Schimmel'
https://www.zeit.de/news/2026-09/09/mehr-als-7-000-kinder-in-nrw-im-verkehr-verunglueckt,https://www.zeit.de/news/2026-09/09/mehr-als-7-000-kinder-in-nrw-im-verkehr-verunglueckt,0,www.zeit.de,Unfallstatistik: Mehr als 7.000 Kinder in NRW im Verkehr verunglückt,Hier finden Sie Informationen zu dem Thema „Unfallstatistik“. Lesen Sie jetzt „Mehr als 7.000 Kinder in NRW im Verkehr verunglückt“.,https://img.zeit.de/news/2026-09/09/mehr-als-7-000-kinder-in-nrw-im-verkehr-verunglueckt-image-group/wide__1300x731,2026-09-09T07:16:55Z,,Im vergangenen Jahr sind im Durchschnitt fast 20 Kinder oder Jugendliche in Nordrhein-Westfalen pro Tag im Straßenverkehr verunglückt. Mit 7.194 Opfern unter 15 Jahren war das im Zehnjahresvergleich … [+1033 chars],,de,'Kinder'
https://www.diepresse.com/41246301/beim-hauskauf-kurzfristig-teurer-die-waermepumpe-hat-ihren-preis,https://www.diepresse.com/41246301/beim-hauskauf-kurzfristig-teurer-die-waermepumpe-hat-ihren-preis,0,www.diepresse.com,Beim Hauskauf kurzfristig teurer: Die Wärmepumpe hat ihren Preis [premium],"Wer in einem mit Wärmepumpe versorgtem Haus wohnen will, muss beim Kauf tiefer in die Tasche greifen – investiert aber dafür in günstige Heizkosten und das Klima.",https://img.diepresse.com/public/incoming/n8ciex-gettyimages-2212518582jpg/alternates/WEBP_WIDE_1200/GettyImages-2212518582.jpg,2026-09-09T09:38:52Z,,"Eine Analyse von mehr als 110.000 Immobilien, die auf Willhaben heuer inseriert wurden, zeigt, wie stark die Wärmepumpe die Immobilienpreise beeinflusst: Von den Häusern mit einer Wohnfläche von 120 … [+4872 chars]",,de,'Wärmepumpe'
https://www.sueddeutsche.de/muenchen/muenchen-oktoberfest-wiesn-grippe-impfung-li.3544750,https://www.sueddeutsche.de/muenchen/muenchen-oktoberfest-wiesn-grippe-impfung-li.3544750,0,www.sueddeutsche.de,Oktoberfest: Nach dem Prosit kommt die Wiesn-Grippe,"Erst füllen sich die Bierzelte – und ein paar Tage später die Arztpraxen. Was es mit der Erkältung nach dem Oktoberfest-Besuch auf sich hat, und wem Experten noch eine Impfung empfehlen.",https://www.sueddeutsche.de/2026/08/21/1bd5c4e9-692e-426a-bd4a-05062be1d3d8.jpg?q=60&fm=webp&width=1200&rect=0%2C209%2C4000%2C2250,2026-09-09T09:39:06Z,,"Im September starten das TUM Klinikum und das LMU Klinikum in Kooperation mit dem Münchner Gesundheitsreferat die Kampagne München impft, um das Bewusstsein für Atemwegsinfektionen und die Impfmöglic… [+3350 chars]",,de,'Grippe'
https://www.zeit.de/news/2026-09/09/europaeischer-gaspreis-erreicht-hoechsten-stand-seit-ende-2022,https://www.zeit.de/news/2026-09/09/europaeischer-gaspreis-erreicht-hoechsten-stand-seit-ende-2022,0,www.zeit.de,Rohstoffe: Europäischer Gaspreis erreicht höchsten Stand seit Ende 2022,Hier finden Sie Informationen zu dem Thema „Rohstoffe“. Lesen Sie jetzt „Europäischer Gaspreis erreicht höchsten Stand seit Ende 2022“.,https://img.zeit.de/news/2026-09/09/europaeischer-gaspreis-erreicht-hoechsten-stand-seit-ende-2022-image-group/wide__1300x731,2026-09-09T10:21:40Z,,Der Preis für europäisches Erdgas hat am Mittwoch angesichts der Zuspitzung der Lage im Nahen Osten seinen Höhenflug fortgesetzt. Erstmals seit Ende 2022 stieg der richtungsweisende Erdgas-Terminkont… [+2087 chars],,de,'Gas'
https://www.tagesspiegel.de/wirtschaft/dpa-rohstoffe-16033974.html,https://www.tagesspiegel.de/wirtschaft/dpa-rohstoffe-16033974.html,0,www.tagesspiegel.de,Rohstoffe: Europäischer Gaspreis erreicht höchsten Stand seit Ende 2022,Der Gaspreis klettert auf mehr als 79 Euro – Ursache ist der Konflikt am Persischen Golf. Was das für Verbraucher und Heizkosten bedeutet.,https://www.tagesspiegel.de/images/16033973/alternates/BASE_16_9_W1400/1788949379000/gasspeicher.jpeg,2026-09-09T10:22:59Z,,Der Preis für europäisches Erdgas hat am Mittwoch angesichts der Zuspitzung der Lage im Nahen Osten seinen Höhenflug fortgesetzt. Erstmals seit Ende 2022 stieg der richtungsweisende Erdgas-Terminkont… [+2138 chars],,de,'Heizkosten'
https://www.focus.de/auto/aeltere-autos-betroffen-kaeltemittel-r134a-wird-knapp_6d3aaa31-049e-4f5d-a864-e15766cad7f3.html,https://www.focus.de/auto/aeltere-autos-betroffen-kaeltemittel-r134a-wird-knapp_6d3aaa31-049e-4f5d-a864-e15766cad7f3.html,0,www.focus.de,Ältere Autos betroffen: Kältemittel R134a wird knapp,Für viele ältere Autos wird R134a zum Engpass: Wegen strenger EU-Regeln wird das Kältemittel knapper und teurer – eine Umrüstung ist oft keine einfache Lösung.,"https://quadro.burda-forward.de/ctf/abb08c61-2712-416f-9d01-ad670022920c.87375aaf-76ac-4bd7-b48c-744e3ebc639f.png?im=RegionOfInterestCrop=(1200,630),regionOfInterest=(663,481)&hash=41bc426329d5154e77406a70db912037be8aabafd5f8ab5b56094eb0ca678e94",2026-09-09T11:00:00Z,,"Viele ältere Autos nutzen in ihrer Klimaanlage noch R134a. Der ADAC warnt: Wegen neuer EU-Vorgaben wird der Stoff schrittweise vom Markt genommen. Für Betroffene kann das steigende Kosten, Versorgung… [+2727 chars]",,de,'Ältere'
https://www.tagesspiegel.de/potsdam/brandenburg/energieversorgung-in-brandenburg-wirtschaftsministerin-klement-hat-keine-hinweise-auf-gasknappheit-im-winter-16033415.html,https://www.tagesspiegel.de/potsdam/brandenburg/energieversorgung-in-brandenburg-wirtschaftsministerin-klement-hat-keine-hinweise-auf-gasknappheit-im-winter-16033415.html,0,www.tagesspiegel.de,Energieversorgung in Brandenburg: Wirtschaftsministerin Klement hat keine Hinweise auf Gasknappheit im Winter,"Der Gasverbrauch ging in Brandenburg zurück. Aber nicht nur deshalb ist Wirtschaftsministerin Martina Klement (CSU) gelassen, was die Versorgung angeht.",https://www.tagesspiegel.de/images/15515614/alternates/BASE_16_9_W1400/1788952214000/martina-klement.jpeg,2026-09-09T11:14:28Z,,"Brandenburgs Wirtschaftsministerin Martina Klement (CSU für CDU) hat keine Hinweise darauf, dass es im kommenden Winter zu einer Gasknappheit, einem Benzinmangel oder einer Gefährdung der Stromversor… [+1470 chars]",,de,'Gas'
https://www.pcgames.de/Pokemon-Champions-Spiel-77509/News/Pokemon-Champions-bekommt-in-Deutschland-eine-eigene-Kinder-Version-1553212/,https://www.pcgames.de/Pokemon-Champions-Spiel-77509/News/Pokemon-Champions-bekommt-in-Deutschland-eine-eigene-Kinder-Version-1553212/,0,www.pcgames.de,Pokémon Champions bekommt in Deutschland eine eigene Version für Kinder,Pokémon Champions bekommt in Deutschland eine eigene Kinder-Version: Ohne In-Game-Käufe und bestimmte Rekrutierungen soll die USK-Freigabe sinken. Ab 2027 müssen Spieler unter 12 Jahren bei offiziellen Turnieren darauf wechseln.,https://www.pcgames.de/screenshots/original/2026/09/pokemon_Champions-pc-games_artwork.jpg,2026-09-09T11:31:00Z,,Seit dem 09. September gibt es mit Pokémon Champions Junior eine eigene Variante des kompetitiven Pokémon-Spiels nur für Deutschland und Brasilien. Die Kinder-Version verzichtet unter anderem auf In-… [+2174 chars],,de,'Kinder'
https://www.zeit.de/news/2026-09/09/brandenburgs-energieministerin-befuerchtet-keinen-gasmangel,https://www.zeit.de/news/2026-09/09/brandenburgs-energieministerin-befuerchtet-keinen-gasmangel,0,www.zeit.de,Niedrige Füllstände: Brandenburgs Energieministerin befürchtet keinen Gasmangel,Hier finden Sie Informationen zu dem Thema „Niedrige Füllstände“. Lesen Sie jetzt „Brandenburgs Energieministerin befürchtet keinen Gasmangel“.,https://img.zeit.de/news/2026-09/09/brandenburgs-energieministerin-befuerchtet-keinen-gasmangel-image-group/wide__1300x731,2026-09-09T11:35:56Z,,Trotz niedrigerer Füllstände der Speicher droht in Brandenburg nach Ansicht der Landesregierung keine Gefahr für den Winter. «Wir laufen nach aktueller Einschätzung nicht auf eine Gasmangellage zu un… [+1700 chars],,de,'Gas'
https://www.tagesspiegel.de/berlin/dpa-niedrige-fullstande-16034422.html,https://www.tagesspiegel.de/berlin/dpa-niedrige-fullstande-16034422.html,0,www.tagesspiegel.de,Niedrige Füllstände: Brandenburgs Energieministerin befürchtet keinen Gasmangel,Die Gasspeicher sind geringer gefüllt als in den vergangenen Jahren. Warum zeigt sich Brandenburgs Energieministerin Klement nicht besorgt?,https://www.tagesspiegel.de/images/16034421/alternates/BASE_16_9_W1400/1788953828000/erdgasspeicher-des-energieversorgers-ewe.jpeg,2026-09-09T11:37:08Z,,Trotz niedrigerer Füllstände der Speicher droht in Brandenburg nach Ansicht der Landesregierung keine Gefahr für den Winter. Wir laufen nach aktueller Einschätzung nicht auf eine Gasmangellage zu und… [+1750 chars],,de,'Gasspeicher'
https://www.zeit.de/news/2026-09/09/fuenf-verletzte-bei-unfall-mit-bus-darunter-zwei-kinder,https://www.zeit.de/news/2026-09/09/fuenf-verletzte-bei-unfall-mit-bus-darunter-zwei-kinder,0,www.zeit.de,Unfälle: Fünf Verletzte bei Unfall mit Bus - darunter zwei Kinder,Hier finden Sie Informationen zu dem Thema „Unfälle“. Lesen Sie jetzt „Fünf Verletzte bei Unfall mit Bus - darunter zwei Kinder“.,https://img.zeit.de/news/2026-09/09/fuenf-verletzte-bei-unfall-mit-bus-darunter-zwei-kinder-image-group/wide__1300x731,2026-09-09T11:47:47Z,,"Bei einem Zusammenstoß zwischen einem Auto und einem Stadtbus sind in Gießen fünf Businsassen leicht verletzt worden, darunter zwei zweijährige Kinder. Wie die Polizei mitteilte, blieb der Autofahrer… [+518 chars]",,de,'Kinder'
https://stadt-bremerhaven.de/fruehstartrente-bund-plant-monatlich-zehn-euro-fuers-kinderdepot/,https://stadt-bremerhaven.de/fruehstartrente-bund-plant-monatlich-zehn-euro-fuers-kinderdepot/,0,stadt-bremerhaven.de,Frühstartrente: Bund plant monatlich zehn Euro fürs Kinderdepot,Der seit Anbeginn aller Zeiten vorhandene Blick über den Technik-Tellerrand für alle Eltern unter euch: Die Bundesregierung will den Nachwuchs künftig deutlich früher an Aktien und...Zum Beitrag: Frühstartrente: Bund plant monatlich zehn Euro fürs Kinderdepot…,https://stadt-bremerhaven.de/wp-content/uploads/2026/08/ki_euro_geld-scaled.webp,2026-09-09T14:00:16Z,,"Bild: Ibrahim Boran via Unsplash
Der seit Anbeginn aller Zeiten vorhandene Blick über den Technik-Tellerrand für alle Eltern unter euch: Die Bundesregierung will den Nachwuchs künftig deutlich frühe… [+2357 chars]",,de,'Kinder'
https://www.zeit.de/news/2026-09/09/brandenburg-setzt-trotz-rueckschlag-auf-e-kerosin-grossprojekt,https://www.zeit.de/news/2026-09/09/brandenburg-setzt-trotz-rueckschlag-auf-e-kerosin-grossprojekt,0,www.zeit.de,Treibstoff-Versorgung: Brandenburg setzt trotz Rückschlag auf E-Kerosin-Großprojekt,Hier finden Sie Informationen zu dem Thema „Treibstoff-Versorgung“. Lesen Sie jetzt „Brandenburg setzt trotz Rückschlag auf E-Kerosin-Großprojekt“.,https://img.zeit.de/news/2026-09/09/brandenburg-setzt-trotz-rueckschlag-auf-e-kerosin-grossprojekt-image-group/wide__1300x731,2026-09-09T15:25:53Z,,Brandenburg setzt trotz des Ausstiegs eines Partners auf das geplante Großprojekt für klimafreundliches Fliegen auf dem Gelände der PCK-Raffinerie in Schwedt. «Wir haben ein großes Interesse an diese… [+2488 chars],,de,'Kerosin'
https://www.tagesspiegel.de/berlin/dpa-treibstoff-versorgung-16036362.html,https://www.tagesspiegel.de/berlin/dpa-treibstoff-versorgung-16036362.html,0,www.tagesspiegel.de,Treibstoff-Versorgung: Brandenburg setzt trotz Rückschlag auf E-Kerosin-Großprojekt,Auf dem Gelände der PCK-Raffinerie soll Deutschlands größte Anlage für nachhaltiges Fliegen entstehen. Ein Firmenprojekt dafür scheiterte aber. Warum hat Brandenburgs Landesregierung noch Hoffnung?,https://www.tagesspiegel.de/images/16036361/alternates/BASE_16_9_W1400/1788967616000/bundeswirtschaftsministerin-reiche-bei-der-pck-raffinerie.jpeg,2026-09-09T15:26:56Z,,Brandenburg setzt trotz des Ausstiegs eines Partners auf das geplante Großprojekt für klimafreundliches Fliegen auf dem Gelände der PCK-Raffinerie in Schwedt. Wir haben ein großes Interesse an diesem… [+2537 chars],,de,'Kerosin'
https://taz.de/Kitas-und-Co-nach-dem-Hitzesommer/!6211697/,https://taz.de/Kitas-und-Co-nach-dem-Hitzesommer/!6211697/,0,taz.de,Kitas und Co nach dem Hitzesommer: Soziale Kälte wird heißes Thema,"Die Klimakrise macht keinen Halt vor Kitas, Heimen und Beratungsstellen. Soziale Einrichtungen berichten von Ausnahmezuständen – und fordern Hilfe.",https://taz.de/picture/8726321/1200/42027163.jpeg,2026-09-09T16:01:00Z,,"Die Klimakrise macht keinen Halt vor Kitas, Heimen und Beratungsstellen. Soziale Einrichtungen berichten von Ausnahmezuständen – und fordern Hilfe. mehr...",,de,'Kälte'
https://www.bild.de/news/inland/er-plante-deutschlands-blackout-haftbefehl-gegen-den-strom-terroristen-6a9fd1fe181cb962d4887ab7,https://www.bild.de/news/inland/er-plante-deutschlands-blackout-haftbefehl-gegen-den-strom-terroristen-6a9fd1fe181cb962d4887ab7,0,www.bild.de,Er plante Deutschlands Blackout - Haftbefehl gegen den Strom-Terroristen,Weisweiler – Tagelang hielt der mutmaßliche Saboteur die Polizei in Atem: Daniel Viehmann (48) soll mit selbstgebauten Raketen Angriffe auf das deutsche ...,"https://images.bild.de/6a9fd1fe181cb962d4887ab7/4271a13f7c308ac8bb84a6bf12973beb,4dbad473?w=1280",2026-09-09T17:48:33Z,,Mit selbstgebauten Raketen soll Daniel Viehmann das deutsche Stromnetz angegriffen und Kurzschlüsse an Hochspannungsleitungen ausgelöst haben laut Ermittlern stand Deutschland mehrmals knapp vor eine… [+309 chars],,de,'Blackout'
https://www.bild.de/news/ausland/malta-und-gozo-von-grossem-stromausfall-betroffen-6aa18bcd240b302c8a83f2da,https://www.bild.de/news/ausland/malta-und-gozo-von-grossem-stromausfall-betroffen-6aa18bcd240b302c8a83f2da,0,www.bild.de,Malta ohne Strom - Blackout im Urlaubsparadies,Aufregung statt Entspannung an beliebten Touristenstränden: Ein größerer Stromausfall suchte am Mittwochnachmittag die Mittelmeerinseln heim.,"https://images.bild.de/6aa18bcd240b302c8a83f2da/5bf89a6e34cbb6355a48e7d1fd201517,6379a329?w=1280",2026-09-09T18:56:52Z,,TTS-Player überspringenArtikel weiterlesenValletta (Malta) Aufregung statt Entspannung an beliebten Touristenstränden: Ein größerer Stromausfall suchte am Mittwochnachmittag die Mittelmeerinseln Malt… [+2058 chars],,de,'Blackout'
https://www.nzz.ch/meinung/europa-geht-mit-gefaehrlich-niedrigen-gasvorraeten-in-den-winter-weil-die-haendler-sich-im-iran-krieg-verzockt-haben-ld.10023015,https://www.nzz.ch/meinung/europa-geht-mit-gefaehrlich-niedrigen-gasvorraeten-in-den-winter-weil-die-haendler-sich-im-iran-krieg-verzockt-haben-ld.10023015,0,www.nzz.ch,KOMMENTAR - Europa geht mit gefährlich niedrigen Gasvorräten in den Winter – weil die Händler sich im Iran-Krieg verzockt haben,"Der Iran-Konflikt hat die Gaspreise angeheizt. Viele Gashändler habe sich mit ihrer Wette auf ein schnelles Kriegsende und bald wieder sinkende Preise verzockt. Jetzt wird die Zeit knapp, denn der Winter naht.","https://img-msp-prod.nzz.ch/2026/09/09/47a7b050-693a-48b6-8eed-dc48695d862e.jpg?width=1200&height=674&fit=bounds&quality=75&auto=webp&crop=4724,2657,x0,y0&wmark=nzz",2026-09-10T03:25:00Z,,"Der Konflikt am Persischen Golf hat die Gaspreise angeheizt und die Füllung der Gasspeicher verzögert. Jetzt wird die Zeit knapp, denn der Winter naht. Schlimmstenfalls droht im Januar eine Mangellag… [+4861 chars]",,de,'Gasspeicher'
https://www.zeit.de/familie/2026-09/ehrlichkeit-kritik-eltern-kinder-harmonie,https://www.zeit.de/familie/2026-09/ehrlichkeit-kritik-eltern-kinder-harmonie,0,www.zeit.de,Ehrlichkeit: Ihr Blick auf die Welt ist gnadenlos und bewunderswert,"Kinder sind oft schmerzhaft ehrlich, auch in der Einschätzung ihrer Eltern. Das ist nicht immer einfach, aber spektakulär gut beobachtet. Wir können daraus viel lernen.",https://img.zeit.de/familie/2026-09/ehrlichkeit-kritik-eltern-kinder-harmonie-bild/wide__1300x731,2026-09-10T04:06:46Z,,"Als ich noch Student war, habe ich mir immer einen kleinen Werner Herzog gewünscht, der auf meinem Schreibtisch steht und mein Studium kommentiert: »Ich glaube, der gemeinsame Nenner des Universums i… [+644 chars]",,de,'Kinder'
https://www.focus.de/gesundheit/news/laut-studie-hat-paracetamol-in-der-schwangerschaft-einfluss-auf-toechter_69510723-0c5b-4ece-bb84-b0f856025d2c.html,https://www.focus.de/gesundheit/news/laut-studie-hat-paracetamol-in-der-schwangerschaft-einfluss-auf-toechter_69510723-0c5b-4ece-bb84-b0f856025d2c.html,0,www.focus.de,Laut Studie hat Paracetamol in der Schwangerschaft Einfluss auf Töchter,"Paracetamol nehmen viele Schwangere gegen Schmerzen. Eine Studie zeigt nun, dass das Medikament die Fortpflanzungsorgane von Töchtern beeinflussen kann.","https://quadro.burda-forward.de/ctf/0cc21d3c-f14f-4a87-963a-4339e77a2557.980eba34-c85c-4a01-80c4-d1e41b9fba2c.jpeg?im=RegionOfInterestCrop=(1200,630),regionOfInterest=(1024,683)&hash=93cd93e367b67106e4aa1937c8053e5114e6db232ca4a78b5e5c6e1c343f75c4",2026-09-10T06:26:00Z,,"Die Einnahme von Paracetamol während der Schwangerschaft könnte einer Studie zufolge bei Mädchen womöglich die Fruchtbarkeit und den Zeitpunkt der Menopause beeinflussen.
Mädchen, deren Mütter währe… [+6640 chars]",,de,'Schwangere'
https://www.bild.de/leben-wissen/wohnen-living/waeschetrockner-welcher-typ-spart-ueber-jahre-rund-500-euro-6a9e8fbf181cb962d48869c4,https://www.bild.de/leben-wissen/wohnen-living/waeschetrockner-welcher-typ-spart-ueber-jahre-rund-500-euro-6a9e8fbf181cb962d48869c4,0,www.bild.de,Schnell und platzsparend - Lohnt sich ein Wäschetrockner für mich?,"Abluft, Kondens oder Wärmepumpe? Erfahren Sie, welcher Trockner zu Ihrem Haushalt passt und worauf Sie beim Kauf achten sollten.","https://images.bild.de/6a9e8fbf181cb962d48869c4/27dc3c16e94535338f78513af8b9f1bd-landscape,cdf2efdd?w=1280",2026-09-10T07:14:29Z,,"TTS-Player überspringenArtikel weiterlesenInsbesondere bei großen Wäschemengen kann das Trocknen schnell zur Geduldsprobe werden. Ein Wäschetrockner schafft Abhilfe. Er spart Platz, trocknet die Wäsc… [+2472 chars]",,de,'Wärmepumpe'
https://www.zeit.de/2026/39/schulbildung-pisa-studie-deutschland-digitalisierung-andreas-schleicher,https://www.zeit.de/2026/39/schulbildung-pisa-studie-deutschland-digitalisierung-andreas-schleicher,0,www.zeit.de,"Schulbildung: »Die Bereitschaft, Leistung einzufordern, ist gesunken«","Die Lesekompetenz von Schülern werde ausgehöhlt, sagt Pisa-Forscher Andreas Schleicher. Bei der neuesten Studie fielen besonders Kinder wohlhabender Eltern zurück.",https://img.zeit.de/2026/39/die-bereitschaft-der-gesellschaft-leistung-einzufordern-ist-gesunken-bild-2/wide__1300x731,2026-09-10T08:03:06Z,,"Andreas Schleicher koordiniert als Bildungsdirektor der OECD die Pisa-Studien.
DIE ZEIT: Herr Schleicher, vor 25 Jahren haben Sie den Pisa-Test entwickelt. Nun präsentieren Sie zum neunten Mal Ergeb… [+794 chars]",,de,'Kinder'
https://www.golem.de/sonstiges/zustimmung/auswahl.html?from=https://www.golem.de/news/aeltere-iphone-apple-erhoeht-preise-bisheriger-iphone-modelle-teilweise-erheblich-2609-212857.html&referer=https://t.co/b4899b9ba5,https://www.golem.de/sonstiges/zustimmung/auswahl.html?from=https://www.golem.de/news/aeltere-iphone-apple-erhoeht-preise-bisheriger-iphone-modelle-teilweise-erheblich-2609-212857.html&referer=https://t.co/b4899b9ba5,0,www.golem.de,Ältere iPhone: Apple erhöht Preise bisheriger iPhone-Modelle teilweise erheblich,"Nicht nur die neuen iPhones sind teurer als ihre Vorgänger: Apple hat auch die Preise älterer, weiterhin verfügbarer Modelle erhöht. (iPhone 18, Apple)",,2026-09-10T08:09:01Z,,"Besuchen Sie Golem.de wie gewohnt mit Werbung und Tracking,
 indem Sie der Nutzung aller Cookies zustimmen.
 Details zum Tracking finden Sie im Privacy Center.
Skript wurde nicht geladen. Informat… [+607 chars]",,de,'Ältere'
https://www.focus.de/politik/ausland/neuer-rekord-ukrainische-drohnen-legen-3000-kilometer-zurueck-und-treffen-russlands-gashauptstadt-in-der-arktis_75d2e825-89ef-4c16-9c68-9a632284f7eb.html,https://www.focus.de/politik/ausland/neuer-rekord-ukrainische-drohnen-legen-3000-kilometer-zurueck-und-treffen-russlands-gashauptstadt-in-der-arktis_75d2e825-89ef-4c16-9c68-9a632284f7eb.html,0,www.focus.de,Neuer Rekord: Ukrainische Drohnen legen 3000 Kilometer zurück und treffen Russlands „Gashauptstadt” in der Arktis,"Der Ukraine-Krieg erreicht Regionen, die in Russland lange als sicher galten. In Nowy Urengoi brannte nach einem Angriff eine wichtige Gasanlage.","https://quadro.burda-forward.de/ctf/265c15ed-4539-4bca-8b92-5ed22a65149b.cea989d8-d1dc-4962-86bc-2e5203494016.jpg?im=RegionOfInterestCrop=(1200,630),regionOfInterest=(902,659)&hash=ade0abbb88f8bec81779a51342b8af340f32b80c65aa096bde04c5f46107c67c",2026-09-10T08:56:00Z,,"Die Ukraine hat nach eigenen Angaben erstmals einen Gasstandort im hohen Norden Russlands angegriffen, etwa 3000 Kilometer von der Grenze entfernt. In Nowy Urengoi im autonomen Kreis der Jamal-Nenzen… [+2734 chars]",,de,'Gas'
https://www.golem.de/sonstiges/zustimmung/auswahl.html?from=https://www.golem.de/news/steigende-gaspreise-wette-auf-warmen-winter-in-vollem-gange-2609-212861.html&referer=https://t.co/69ef8ff012,https://www.golem.de/sonstiges/zustimmung/auswahl.html?from=https://www.golem.de/news/steigende-gaspreise-wette-auf-warmen-winter-in-vollem-gange-2609-212861.html&referer=https://t.co/69ef8ff012,0,www.golem.de,Steigende Gaspreise: Wette auf warmen Winter in vollem Gange,"Lediglich zur Hälfte sind die deutschen Gasspeicher gefüllt. Schon in drei Wochen beginnt die Heizperiode und der Gaspreis zieht bereits an. (Energie, Energiewende)",,2026-09-10T09:09:02Z,,"Besuchen Sie Golem.de wie gewohnt mit Werbung und Tracking,
 indem Sie der Nutzung aller Cookies zustimmen.
 Details zum Tracking finden Sie im Privacy Center.
Skript wurde nicht geladen. Informat… [+607 chars]",,de,'Gas'
https://www.zeit.de/news/2026-09/10/hormus-blockade-treibt-weltweiten-kohleverbrauch-an,https://www.zeit.de/news/2026-09/10/hormus-blockade-treibt-weltweiten-kohleverbrauch-an,0,www.zeit.de,Ersatz für Erdgas: Hormus-Blockade treibt weltweiten Kohleverbrauch an,Hier finden Sie Informationen zu dem Thema „Ersatz für Erdgas“. Lesen Sie jetzt „Hormus-Blockade treibt weltweiten Kohleverbrauch an“.,https://img.zeit.de/news/2026-09/10/hormus-blockade-treibt-weltweiten-kohleverbrauch-an-image-group/wide__1300x731,2026-09-10T09:30:26Z,,"Die Blockade der Straße von Hormus im Zuge des Iran-Kriegs treibt die weltweite Kohle-Nachfrage in die Höhe. Durch die Blockade komme es zu einem massiven Rückgang der Flüssiggas-Lieferungen, was die… [+830 chars]",,de,'Kohle'
https://www.tagesspiegel.de/wirtschaft/dpa-ersatz-fur-erdgas-16038389.html,https://www.tagesspiegel.de/wirtschaft/dpa-ersatz-fur-erdgas-16038389.html,0,www.tagesspiegel.de,Ersatz für Erdgas: Hormus-Blockade treibt weltweiten Kohleverbrauch an,Durch sinkende Flüssiggas-Lieferungen steigt der Kohleverbrauch in Europa und Asien. Die IEA erwartet 2026 einen Höchststand beim globalen Bedarf.,https://www.tagesspiegel.de/images/16038388/alternates/BASE_16_9_W1400/1789032687000/hormus-blockade-treibt-weltweiten-kohleverbrauch-an.jpeg,2026-09-10T09:31:27Z,,"Die Blockade der Straße von Hormus im Zuge des Iran-Kriegs treibt die weltweite Kohle-Nachfrage in die Höhe. Durch die Blockade komme es zu einem massiven Rückgang der Flüssiggas-Lieferungen, was die… [+884 chars]",,de,'Kohle'
https://www.bild.de/news/inland/bodycam-video-der-polizei-hier-wird-der-strom-terrorist-verhaftet-6aa295b6e63dfef5db084463,https://www.bild.de/news/inland/bodycam-video-der-polizei-hier-wird-der-strom-terrorist-verhaftet-6aa295b6e63dfef5db084463,0,www.bild.de,Bodycam-Video der Polizei - Hier wird der Strom-Terrorist verhaftet,"Weisweiler (NRW) – Tagelang suchten sie nach dem Mann, der Deutschland ins Blackout versetzen wollte. Schließlich konnten zwei Autobahnpolizisten am Dien...","https://images.bild.de/6aa295b6e63dfef5db084463/b998b6c53724843490889cb74a3d68d0-landscape,57861417?w=1280",2026-09-10T11:46:50Z,,"+++Anschläge auf Kraftwerke: Bodycam-Video zeigt Festnahme des Strom-Terroristen
+++Anschläge auf Kraftwerke: Bodycam-Video zeigt Festnahme des Strom-Terroristen
+++Anschläge auf Kraftwerke: Bodyca… [+618 chars]",,de,'Blackout'
https://www.faz.net/aktuell/gesellschaft/kriminalitaet/wie-geht-es-im-fall-lindsay-clancy-weiter-accg-201213259.html,https://www.faz.net/aktuell/gesellschaft/kriminalitaet/wie-geht-es-im-fall-lindsay-clancy-weiter-accg-201213259.html,0,www.faz.net,Kinder getötet: Wie geht es im Fall Lindsay Clancy weiter?,"Sie tötete ihre drei kleinen Kinder: Nachdem in den USA der Prozess gegen Lindsay Clancy gescheitert ist, will die Verteidigung ein neues Verfahren verhindern.",https://media0.faz.net/image/w1200h627/651c905cf032/w3000h1567x0y60o/202609/43601.0.2531415273/verfahren-geplatzt-die.webp,2026-09-10T11:58:42Z,,"Nach dem gescheiterten Strafprozess gegen die Amerikanerin Lindsay Clancy versucht die Verteidigung, ein neues Verfahren zu verhindern. Clancy wird vorgeworfen, ihre drei Kinder getötet zu haben. Ihr… [+2663 chars]",,de,'Kinder'
https://www.zeit.de/zeit-magazin/2026/38/kind-haustier-katze-entwicklung-pruefers-toechter,https://www.zeit.de/zeit-magazin/2026/38/kind-haustier-katze-entwicklung-pruefers-toechter,0,www.zeit.de,Kind und Haustier: »Mein Kater hat fast eine Taube gefangen!«,"Kinder schulden ihren Eltern nichts – eine Lektion, die man auch in anderen Beziehungen lernen kann. Zum Beispiel an der Liebe der Tochter zu ihrer Katze.",https://img.zeit.de/zeit-magazin/2026/elemente/teaserbilder-pruefers-toechter/luna-background-5-bild/wide__1300x731,2026-09-10T12:23:34Z,,"Eine der innigsten Beziehungen, die ich kenne, ist die zwischen Luna und ihrem Kater Cosmo. Ich habe einige Erfahrung mit Kindern und Haustieren. Ich habe Fische, Hamster und Kaninchen bis zu ihrem A… [+965 chars]",,de,'Kinder'
https://www.focus.de/kultur/stars/auf-rat-ihrer-aerztin-schwangere-amira-aly-fehlt-beim-deutschen-fernsehpreis_59acdedf-ab61-460e-8b04-ba8077b35187.html,https://www.focus.de/kultur/stars/auf-rat-ihrer-aerztin-schwangere-amira-aly-fehlt-beim-deutschen-fernsehpreis_59acdedf-ab61-460e-8b04-ba8077b35187.html,0,www.focus.de,Auf Rat ihrer Ärztin: Schwangere Amira Aly fehlt beim Deutschen Fernsehpreis,Am Mittwochabend (9. September) wurde in Köln der „Deutsche Fernsehpreis 2026“ verliehen. Moderatorin Amira Aly suchte man auf dem Roten Teppich jedoch vergeblich. Die Erklärung dafür lieferte sie nun auf Instagram.,"https://quadro.burda-forward.de/ctf/41e14e90-a807-4b26-be42-66b6354de595.6e6c6d6e-b4a1-4bbf-9b23-291304928507.jpg?im=RegionOfInterestCrop=(1200,630),regionOfInterest=(3168,1855)&hash=1dc558b4db76e016ee5bd1a9172a73ac636be6857571b2cf8725101e8372d14b",2026-09-10T12:58:00Z,,"Die werdende Mutter erschien am Mittwochabend nicht wie geplant bei der Verleihung des Deutschen Fernsehpreises. Ich habe mich schon so drauf gefreut, aber meine Frauenärztin hat mir gestern davon ab… [+1589 chars]",,de,'Schwangere'
https://www.telepolis.de/article/BSW-Populismus-in-Magdeburg-Ein-Antrag-fuellt-keinen-Gasspeicher-11449269.html,https://www.telepolis.de/article/BSW-Populismus-in-Magdeburg-Ein-Antrag-fuellt-keinen-Gasspeicher-11449269.html,0,www.telepolis.de,BSW-Populismus in Magdeburg: Ein Antrag füllt keinen Gasspeicher,"Sahra Wagenknecht will per Landtagsantrag Nord Stream öffnen. Die Pipeline ist zerstört, EU-verboten – Magdeburg hat null Zuständigkeit. Ein Kommentar.",https://heise.cloudimg.io/v7/_www-heise-de_/imgs/18/5/1/6/3/0/6/6/shutterstock_2469809941-e9dce4e248b4d90f.jpg?func=bound&height=1200&org_if_sml=1&q=85&width=1200,2026-09-10T15:00:00Z,,"(Bild: penofoto / Shutterstock.com)
Sahra Wagenknecht will per Landtagsantrag Nord Stream öffnen. Die Pipeline ist zerstört, EU-verboten Magdeburg hat null Zuständigkeit. Ein Kommentar.
Wenn wir in… [+5036 chars]",,de,'Gas'
https://www.n-tv.de/wirtschaft/Erste-Unternehmen-bereiten-sich-auf-einen-Gasmangel-vor-id31292561.html,https://www.n-tv.de/wirtschaft/Erste-Unternehmen-bereiten-sich-auf-einen-Gasmangel-vor-id31292561.html,0,www.n-tv.de,Notfall-Kontakte werden erfragt: Erste Unternehmen bereiten sich auf einen Gasmangel vor,"Wie im Jahr 2022 formulieren deutsche Unternehmen Erklärungen, warum sie auch bei einem Gasmangel dringend weiterversorgt werden müssten. Ein Netzbetreiber verlangt wieder Kontaktdaten für den Krisenfall.",https://www.n-tv.de/img/31292626/1789055928/Img_16_9/1200/578372312.jpg,2026-09-10T15:10:14Z,,"Erinnerungen an 2022 werden wach, als Russland Deutschland den Gashahn zudrehte. (Foto: picture alliance/dpa/dpa-Zentralbild)
Wie im Jahr 2022 formulieren deutsche Unternehmen Erklärungen, warum sie… [+3384 chars]",,de,'Gasspeicher'
https://www.nzz.ch/briefing/briefing-am-abend-ld.10023339,https://www.nzz.ch/briefing/briefing-am-abend-ld.10023339,0,www.nzz.ch,Briefing am Abend,Das Wichtigste am Abend: Internationale Sperre für Patrick Fischer ++ Midterms-Wahlkampf in den USA ++ Gefährlich niedrige Gasvorräte,"https://img-msp-prod.nzz.ch/2025/12/14/b99a3676-bc52-4290-9481-8da770ddef6f.jpg?width=1200&height=675&fit=bounds&quality=75&auto=webp&crop=2698,1518,x0,y141&wmark=nzz",2026-09-10T15:12:40Z,,"Das Wichtigste am Abend: Internationale Sperre für Patrick Fischer ++ Midterms-Wahlkampf in den USA ++ Gefährlich niedrige Gasvorräte
10.09.2026, 17.12 Uhr
Das lesen Sie nur in der NZZ: Nepal geden… [+5965 chars]",,de,'Gas'
https://www.zeit.de/news/2026-09/10/brand-in-zwei-schulen-im-kongo-mindestens-15-tote-kinder,https://www.zeit.de/news/2026-09/10/brand-in-zwei-schulen-im-kongo-mindestens-15-tote-kinder,0,www.zeit.de,Brandkatastrophe: Brand in zwei Schulen im Kongo - mindestens 15 tote Kinder,Hier finden Sie Informationen zu dem Thema „Brandkatastrophe“. Lesen Sie jetzt „Brand in zwei Schulen im Kongo - mindestens 15 tote Kinder“.,https://img.zeit.de/news/2026-09/10/brand-in-zwei-schulen-im-kongo-mindestens-15-tote-kinder-image-group/wide__1300x731,2026-09-10T15:53:30Z,,Bei einem Feuer in der ostkongolesischen Stadt Bukavu kamen nach Behördenangaben mindestens 15 Schülerinnen und Schüler ums Leben. Das ganze Ausmaß der Brandkatastrophe war zunächst nicht abzuschätze… [+1434 chars],,de,'Kinder'
https://www.faz.net/aktuell/politik/inland/die-kosten-der-abhaengigkeit-von-russischem-gas-accg-201213548.html,https://www.faz.net/aktuell/politik/inland/die-kosten-der-abhaengigkeit-von-russischem-gas-accg-201213548.html,0,www.faz.net,Gaslieferungen: Was Deutschland die Abhängigkeit von Russland gekostet hat,"Um die Folgen des Stopps der russischen Gaslieferungen 2022 abzumildern, verkündete Olaf Scholz den „Doppelwumms“. 200 Milliarden waren dafür vorgesehen. Was wurde aus dem Geld?",https://media0.faz.net/image/w1200h627/f86d18ad0837/w3000h1567x0y165o/202209/43600.0.1181880814/bundeskanzler-olaf-scholz-spd.webp,2026-09-11T04:30:00Z,,"Die höchste Inflationsrate seit Anfang der Fünfzigerjahre, hohe Gas- und Strompreise: Das war die Lage in Deutschland im September 2022 infolge der russischen Vollinvasion in die Ukraine. Um die Ener… [+4828 chars]",,de,'Gasspeicher'
https://www.focus.de/politik/ausland/bis-heute-galt-dieses-gebiet-als-sicher-ukrainische-drohnen-legen-3000-km-zurueck-um-wichtige-gasanlagen-in-der-russischen-arktis-anzugreifen_75d2e825-89ef-4c16-9c68-9a632284f7eb.html,https://www.focus.de/politik/ausland/bis-heute-galt-dieses-gebiet-als-sicher-ukrainische-drohnen-legen-3000-km-zurueck-um-wichtige-gasanlagen-in-der-russischen-arktis-anzugreifen_75d2e825-89ef-4c16-9c68-9a632284f7eb.html,0,www.focus.de,"„Bis heute galt dieses Gebiet als sicher“ – Ukrainische Drohnen legen 3000 km zurück, um wichtige Gasanlagen in der russischen Arktis anzugreifen","Der Ukraine-Krieg erreicht Regionen, die in Russland lange als sicher galten. In Nowy Urengoi brannte nach einem Angriff eine wichtige Gasanlage.","https://quadro.burda-forward.de/ctf/265c15ed-4539-4bca-8b92-5ed22a65149b.cea989d8-d1dc-4962-86bc-2e5203494016.jpg?im=RegionOfInterestCrop=(1200,630),regionOfInterest=(902,659)&hash=ade0abbb88f8bec81779a51342b8af340f32b80c65aa096bde04c5f46107c67c",2026-09-11T06:13:00Z,,"Die Ukraine hat nach eigenen Angaben erstmals einen Gasstandort im hohen Norden Russlands angegriffen, etwa 3000 Kilometer von der Grenze entfernt. In Nowy Urengoi im autonomen Kreis der Jamal-Nenzen… [+2734 chars]",,de,'Kerosin'
https://www.focus.de/finanzen/huthi-sollen-hafenstadt-mokka-im-jemen-erobert-haben-der-oelpreis-steigt-auf-fast-110-us-dollar_d5de4065-98ac-407e-bace-50b11d95d2ee.html,https://www.focus.de/finanzen/huthi-sollen-hafenstadt-mokka-im-jemen-erobert-haben-der-oelpreis-steigt-auf-fast-110-us-dollar_d5de4065-98ac-407e-bace-50b11d95d2ee.html,0,www.focus.de,Huthi sollen Hafenstadt Mokka im Jemen erobert haben – der Ölpreis steigt auf fast 110 US-Dollar,"Die Huthi sollen Mokka nahe Bab al-Mandab erobert haben. Öl und Gas verteuern sich. Was der Konflikt für Sprit, Heizöl und Gas in Deutschland bedeutet.","https://quadro.burda-forward.de/ctf/a7a25d7b-0731-45a8-bc11-713a8ffadf2b.e4db8e43-21b5-4f55-b306-315a2faf5cfc.jpeg?im=RegionOfInterestCrop=(1200,630),regionOfInterest=(999,291)&hash=f462e99fae34eaa332cb63f7fcc8c6612a5184b29e12eeb83e2aba43632b9549",2026-09-11T07:34:00Z,,Die Huthi-Miliz soll nach Angaben aus jemenitischen Militärkreisen und Augenzeugenberichten die strategisch wichtige Hafenstadt Mokka an der Westküste des Jemens eingenommen haben. Mokka liegt unmitt… [+9128 chars],,de,'Heizkosten'
https://www.faz.net/aktuell/technik-motor/fuenf-am-freitag-wellendorff-stellt-kordelcollier-ein-accg-201144793.html,https://www.faz.net/aktuell/technik-motor/fuenf-am-freitag-wellendorff-stellt-kordelcollier-ein-accg-201144793.html,0,www.faz.net,Fünf am Freitag: Goldmedaille garantiert,"Das Kordelcollier wird eingestellt, Übersicht im Baustelleneimer, Ohrhörer für geruhsamen Schlaf, ein Roboterbuch für Kinder und Audacity im neuen Gewand: Das sind unsere Neuheiten aus der Technikkiste.",https://media0.faz.net/image/w1200h627/2abe00620e7e/w1452h758x0y287o/v/2026/09/04/4ptMHNNN/4360102511124682.webp,2026-09-11T08:08:00Z,,"Wer seit 1893 Goldschmuck kreiert, hat einiges richtig gemacht. Und viele unternehmerische Entscheidungen getroffen, die sich nicht immer alle(n) unmittelbar erschlossen haben. Die Familie Wellendorf… [+3440 chars]",,de,'Kinder'
https://www.zeit.de/wirtschaft/2026-09/gasspeicher-deutschland-fuellstand-gaspreise-italien-subvention,https://www.zeit.de/wirtschaft/2026-09/gasspeicher-deutschland-fuellstand-gaspreise-italien-subvention,0,www.zeit.de,Lage der Gasspeicher: Nun bringt auch noch Italien die deutsche Gasversorgung unter Druck,"Italien erhöht den Anreiz, mehr Gas aus Deutschland zu importieren. Das könnte Folgen für den Winter haben. Ministerin Reiche aber setzt weiter auf den Markt.",https://img.zeit.de/wirtschaft/2026-09/gasspeicher-deutschland-fuellstand-gaspreise-italien-subvention-bild-2/wide__1300x731,2026-09-11T10:13:02Z,,"Ein strahlend blauer Bergsee, viel Geröll, karge Alpenlandschaft: Der Griespass (Passo del Gries) über die Alpen zwischen der Schweiz und Italien war früher eine viel genutzte Handelsroute. Heute eri… [+824 chars]",,de,'Gasspeicher'
https://www.bild.de/regional/niedersachsen/ekel-haus-in-stade-mieterin-musste-oeffentliche-toiletten-nutzen-6aa11f80181cb962d48890cf,https://www.bild.de/regional/niedersachsen/ekel-haus-in-stade-mieterin-musste-oeffentliche-toiletten-nutzen-6aa11f80181cb962d48890cf,0,www.bild.de,Dieses Ekel-Haus wurde jetzt versiegelt - Menschen lebten hier zwischen Schimmel und Gestank,"Schimmel, Gestank, kein Wasser und keine Heizung: Stade erklärt ein ganzes Wohnhaus für unbewohnbar. Die Bewohner mussten ihre Wohnungen verlassen.","https://images.bild.de/6aa11f80181cb962d48890cf/b832a3d64ae944aa51cb0331136afb5e,27aebaf7?w=1280",2026-09-11T11:01:04Z,,"TTS-Player überspringenArtikel weiterlesenStade (Niedersachsen)  Schwarzer Schimmel an den Wänden, beißender Gestank, kein fließendes Wasser, keine Heizung. Und mittendrin lebten noch Menschen.
Die … [+2599 chars]",,de,'öffentliche Gebäude'
https://www.sueddeutsche.de/meinung/gasspeicher-katherina-reiche-deutschland-kommentar-li.3545635,https://www.sueddeutsche.de/meinung/gasspeicher-katherina-reiche-deutschland-kommentar-li.3545635,0,www.sueddeutsche.de,Energieversorgung: Die Gasspeicher sind leer. Katherina Reiche könnte sich verzocken,"Schon jetzt ist klar, dass sich Füllstände nicht mehr auf das Niveau der Vorjahre werden bringen lassen. Es könnte eng werden – nicht nur für die Wirtschaftsministerin.",https://www.sueddeutsche.de/2026/09/11/d04553de-739c-4335-897d-4f82834ae7d7.jpg?q=60&fm=webp&width=1200&rect=0%2C137%2C4000%2C2250,2026-09-11T11:27:35Z,,"Mit den Kräften des Marktes kennt sich Katherina Reiche aus. Sie stammt aus einer Familie, die selbst zu DDR-Zeiten das Unternehmertum hochhielt, und kam aus der Energiewirtschaft auf den Chefsessel … [+289 chars]",,de,'Gasspeicher'
https://www.teltarif.de/tadox-smarthome-heizkosten-sparen/news/101599.html,https://www.teltarif.de/tadox-smarthome-heizkosten-sparen/news/101599.html,0,www.teltarif.de,Heizkosten senken: tado X Starter-Kit bei tink bietet mehr als Amazon,"Das tado X Starter-Kit kombiniert drei smarte Heizkörperthermostate mit der Bridge X. Bei tink kostet das Set aktuell 188,95 Euro.",https://www.teltarif.de/img/arch/2026/kw04/tadox-smarthome-heizkostensparen-1og.jpg,2026-09-11T11:40:00Z,,"Wer Heizkosten sparen möchte, kann mit smarten Heiz­körper­ther­mostaten die Raum­tempe­ratur gezielter steuern. Bei tink ist das tado X Starter Kit mit drei smarten Heiz­körper-Ther­mostaten und der… [+3387 chars]",,de,'Heizkosten'
https://www.sueddeutsche.de/meinung/gasspeicher-deutschland-lexikon-li.3545880,https://www.sueddeutsche.de/meinung/gasspeicher-deutschland-lexikon-li.3545880,0,www.sueddeutsche.de,Aktuelles Lexikon: Was genau sind eigentlich Gasspeicher?,Sie können saisonale und kurzfristige Bedarfsschwankungen ausgleichen und befinden sich tief in der Erde. In Deutschland sind sie gerade bedenklich leer.,https://www.sueddeutsche.de/2026/09/08/07b36111-0a65-4a74-8140-5c5a671076f0.jpg?q=60&fm=webp&width=1200&rect=0%2C206%2C4000%2C2250,2026-09-11T12:21:26Z,,"Gasspeicher sind ein Teil der Gasinfrastruktur, die saisonale und kurzfristige Bedarfsschwankungen ausgleichen. In Deutschland gibt es etwa 40 Gasspeicherstandorte, die meisten davon befinden sich im… [+950 chars]",,de,'Gasspeicher'
https://www.teltarif.de/gas-heizen-gasspeicher-winter/news/106013.html,https://www.teltarif.de/gas-heizen-gasspeicher-winter/news/106013.html,0,www.teltarif.de,Gasspeicher auf Rekordtief: Droht Winter-Engpass?,"Gasspeicher nur zur Hälfte gefüllt: Während die Energiebranche vor Engpässen warnt, sieht die Regierung noch keinen Grund zur Sorge.",https://www.teltarif.de/img/arch/2026/kw37/gas-heizen-gasspeicher-winter-1og.jpg,2026-09-11T13:50:00Z,,Harter Spar-Winter im Anmarsch? Die deutschen Gasspeicher sind so leer wie nie zuvor zu dieser Jahreszeit. Anfang September standen nur noch rund 53 Prozent des Fassungs­vermö­gens zur Verfügung  ei… [+5243 chars],,de,'Gasspeicher'
https://www.sueddeutsche.de/politik/gasversorgung-deutschland-winter-fuellstaende-gasspeicher-li.3545886,https://www.sueddeutsche.de/politik/gasversorgung-deutschland-winter-fuellstaende-gasspeicher-li.3545886,0,www.sueddeutsche.de,Podcast: „Auf den Punkt“: Geht im Winter das Gas aus?,"Die deutschen Gasspeicher sind niedrig gefüllt, was bei einem kalten Winter zu Engpässen führen kann – und die Bundesregierung setzt auf das Prinzip Hoffnung",https://www.sueddeutsche.de/2025/03/12/4d031366-ad93-4b81-89dc-aa57357f2531.png?q=60&fm=webp&width=1200&rect=0%2C0%2C3200%2C1800,2026-09-11T14:52:54Z,,"Außerdem erklärt die SZ-Korrespondentin für Landespolitik in Berlin, Meredith Haaf, was es mit den Ermittlungen gegen den Berliner SPD-Spitzenkandidaten Steffen Krach auf sich hat. Das Berliner Abgeo… [+1171 chars]",,de,'Gasspeicher'
https://www.faz.net/aktuell/rhein-main/region-und-hessen/gruene-wollen-kein-gaskraftwerk-in-mainz-201217243.html,https://www.faz.net/aktuell/rhein-main/region-und-hessen/gruene-wollen-kein-gaskraftwerk-in-mainz-201217243.html,0,www.faz.net,Hitzige Klimadebatte: Grüne wollen kein neues Gaskraftwerk in Mainz,"Die Pläne für ein Gasmotorenkraftwerk, mit dem man in Notfällen das neue Mainzer Rechenzentrum am Laufen halten möchte, stoßen auf Widerstand.",https://media0.faz.net/image/w1200h627/a7cac5c321a7/w3491h1824x152y129o/202606/43601.0.2236985042/um-das-in-mainz-geplante.webp,2026-09-11T16:02:42Z,,"Gleich drei Beschlüsse haben die Mitglieder der Mainzer Grünen am Dienstag gefasst, um so ein kraftvolles Zeichen für mehr Klima- und Hitzeschutz zu setzen. Denn der trocken-heiße Dürresommer habe no… [+2847 chars]",,de,'Kohle'
https://www.zeit.de/wirtschaft/2026-09/gaspreise-grosshandel-gasspeicher-iran-gasversorgung,https://www.zeit.de/wirtschaft/2026-09/gaspreise-grosshandel-gasspeicher-iran-gasversorgung,0,www.zeit.de,Gaspreise: Vergleichsportal warnt vor weiter steigenden Gaspreisen,Verivox erwartet Preiserhöhungen beim Gas zwischen zehn und 20 Prozent zum Jahreswechsel. Schuld daran seien auch die niedrigen Füllstände der Gasspeicher.,https://img.zeit.de/wirtschaft/2026-09/enviam-bild/wide__1300x731,2026-09-12T01:55:31Z,,"Das Vergleichsportal Verivox rechnet mit einem weiteren deutlichen Anstieg der Gaspreise für private Haushalte. »Aufgrund der aktuell stark angestiegenen Großhandelspreise für Gas, dem geringen Fülls… [+2077 chars]",,de,'Gasspeicher'
https://www.n-tv.de/wirtschaft/Verivox-Gaspreise-koennten-um-20-Prozent-erhoeht-werden-id31297767.html,https://www.n-tv.de/wirtschaft/Verivox-Gaspreise-koennten-um-20-Prozent-erhoeht-werden-id31297767.html,0,www.n-tv.de,Im kommenden Winter: Verivox: Gaspreise könnten um 20 Prozent erhöht werden,Die Betreiber der deutschen Gas-Speicher warnen vor knappen Füllständen im Falle eines sehr kalten Winters. Aber auch die Gaspreise ziehen infolge des Iran-Kriegs stark an. Verivox zufolge dürften Privatkunden das bis zum Jahreswechsel im Portemonnaie spüren.,https://www.n-tv.de/img/31297782/1789172151/Img_16_9/1200/611369708.jpg,2026-09-12T02:23:41Z,,"Im kommenden WinterVerivox: Gaspreise könnten um 20 Prozent erhöht werden
Der Großhandelspreis in Europa ist nach Angriffen im Iran in dieser Woche auf den höchsten Wert seit mehr als dreieinhalb Ja… [+2432 chars]",,de,'Gas'
https://www.zeit.de/news/2026-09/12/behoerde-gasspeicher-koennten-schon-jetzt-fuer-winter-reichen,https://www.zeit.de/news/2026-09/12/behoerde-gasspeicher-koennten-schon-jetzt-fuer-winter-reichen,0,www.zeit.de,Bald beginnt die Heizperiode: Behörde: Gasspeicher könnten schon jetzt für Winter reichen,Hier finden Sie Informationen zu dem Thema „Bald beginnt die Heizperiode“. Lesen Sie jetzt „Behörde: Gasspeicher könnten schon jetzt für Winter reichen“.,https://img.zeit.de/news/2026-09/12/behoerde-gasspeicher-koennten-schon-jetzt-fuer-winter-reichen-image-group/wide__1300x731,2026-09-12T03:05:05Z,,"Die Bundesnetzagentur ist Bedenken entgegengetreten, dass Deutschlands Gasspeicher in diesem Winter nicht ausreichen könnten für die Gasversorgung. «Wir haben jetzt schon etwas mehr Gas in den Speich… [+2475 chars]",,de,'Gas'
https://www.tagesspiegel.de/wirtschaft/dpa-bald-beginnt-die-heizperiode-16044654.html,https://www.tagesspiegel.de/wirtschaft/dpa-bald-beginnt-die-heizperiode-16044654.html,0,www.tagesspiegel.de,Bald beginnt die Heizperiode: Behörde: Gasspeicher könnten schon jetzt für Winter reichen,"Der Herbst naht, bald brauchen Millionen Haushalte wieder viel mehr Gas für ihre Heizung. Doch Deutschlands Gasspeicher sind nicht allzu voll. Die Bundesnetzagentur teilt die Bedenken nicht.",https://www.tagesspiegel.de/images/16044653/alternates/BASE_16_9_W1400/1789182380000/gasspeicher-etzel.jpeg,2026-09-12T03:06:20Z,,"Die Bundesnetzagentur ist Bedenken entgegengetreten, dass Deutschlands Gasspeicher in diesem Winter nicht ausreichen könnten für die Gasversorgung. Wir haben jetzt schon etwas mehr Gas in den Speiche… [+2135 chars]",,de,'Gasspeicher'
https://www.tagesspiegel.de/wirtschaft/bis-zu-20-prozent-zum-jahreswechsel-moglich-experten-warnen-bei-gas-vor-preisschock-fur-verbraucher-16044805.html,https://www.tagesspiegel.de/wirtschaft/bis-zu-20-prozent-zum-jahreswechsel-moglich-experten-warnen-bei-gas-vor-preisschock-fur-verbraucher-16044805.html,0,www.tagesspiegel.de,„Bis zu 20 Prozent zum Jahreswechsel möglich“: Experten warnen bei Gas vor Preisschock für Verbraucher,Die Gasspeicher sind relativ gering gefüllt und wegen des Iran-Kriegs liegen die Energiekosten schon hoch. Und es könnte noch teurer werden. Die zuständige Behörde sieht die Versorgung aber nicht gefährdet.,https://www.tagesspiegel.de/images/16044808/alternates/BASE_16_9_W1400/1789196880000/erdgasleitung.jpeg,2026-09-12T07:28:39Z,,Seit mehr als sechs Monaten tobt der Krieg im Nahen Osten. Die Auswirkungen des Konflikts zwischen den USA und Israel auf der einen und dem Iran auf der anderen Seite spüren auch die Verbraucher im W… [+4476 chars],,de,'Gas'
https://www.faz.net/aktuell/besser-leben/familie/ploetzlich-wieder-eine-der-kleinsten-so-meisterte-marlene-12-den-uebergang-aufs-gymnasium-accg-201153790.html,https://www.faz.net/aktuell/besser-leben/familie/ploetzlich-wieder-eine-der-kleinsten-so-meisterte-marlene-12-den-uebergang-aufs-gymnasium-accg-201153790.html,0,www.faz.net,Weiterführende Schule: „Ich fange von vorne an und lasse das Schlechte hinter mir“,"Wenn Kinder auf die weiterführende Schule wechseln, verändern sich Lehrer, Freunde und Regeln. Eine Schülerin aus Frankfurt erzählt, wie sie diese Zeit empfunden hat.",https://media0.faz.net/image/w1200h627/7ae017963357/w6000h3135x0y463o/202609/43601.0.2492606792/blick-in-das-leere.webp,2026-09-12T08:20:20Z,,"Wenn ich an den Abschied von meiner alten Klasse vor einem Jahr denke, fällt mir ein, wie wir uns am letzten Schultag vor den Sommerferien als ganze Schule auf dem Schulhof getroffen haben. Alle geme… [+450 chars]",,de,'Kinder'
https://www.faz.net/aktuell/rhein-main/region-und-hessen/holzkohle-wie-im-mittelalter-hessenpark-belebt-koehlerhandwerk-wieder-accg-201209937.html,https://www.faz.net/aktuell/rhein-main/region-und-hessen/holzkohle-wie-im-mittelalter-hessenpark-belebt-koehlerhandwerk-wieder-accg-201209937.html,0,www.faz.net,Seltener Beruf: Der Köhler vom Hessenpark,"Einen Meiler zu bauen dauert lange, danach schwelt das Holz für weitere Wochen und wird zu Kohle. Alexander Wick hat sich das alte Handwerk selbst beigebracht.",https://media0.faz.net/image/w1200h627/6414b50d314c/w5976h3122x0y430o/202609/43601.0.2530411693/koehler-bei-der-arbeit.webp,2026-09-12T09:50:31Z,,"Alexander Wick hat denselben Beruf wie der Vater von Hänsel und Gretel: Er ist Köhler. Aber während die Brüder Grimm das Märchen zu einer Zeit aufschrieben, als Köhler oft arme Leute waren, geht es W… [+4178 chars]",,de,'Kohle'
https://www.bild.de/politik/inland/vae-investieren-50-milliarden-euro-wo-das-geld-in-deutschland-landet-6aa3d360240b302c8a84132e,https://www.bild.de/politik/inland/vae-investieren-50-milliarden-euro-wo-das-geld-in-deutschland-landet-6aa3d360240b302c8a84132e,0,www.bild.de,"Jobs, KI, Rüstung, Rechenzentren - Was haben WIR von der Scheich-Kohle?","Die Emirate investieren Milliarden in Deutschland. Was mit dem Geld passiert, welche Branchen profitieren und wann daraus Jobs und Wachstum entstehen.","https://images.bild.de/6aa3d360240b302c8a84132e/65bfb6b9c2890ab03454ef8bcf22f1bf,3a834d61?w=1280",2026-09-12T10:47:43Z,,"40 Milliarden Euro für Deutschland, weitere 10 Milliarden für Bayern: Die Emirate setzen auf Deutschlands Zukunftsbranchen. Doch wo landet das Geld wirklich und was kann daraus für Jobs, Einkommen un… [+142 chars]",,de,'Kohle'
https://www.tagesschau.de/wirtschaft/verbraucher/gas-speicher-preise-102.html,https://www.tagesschau.de/wirtschaft/verbraucher/gas-speicher-preise-102.html,0,www.tagesschau.de,Bundesnetzagentur stellt klar - Gasspeicher sind ausreichend gefüllt,"Im kommenden Winter brauchen Millionen Haushalte wieder Gas für ihre Heizung - und die Sorge ist groß, dass dieses Jahr nicht genug Gas eingespeichert wurde. Die Bundesnetzagentur gibt nun Entwarnung: Die Speicher seien voll genug. Doch die Preise könnten ste…",https://images.tagesschau.de/image/0173b96b-ffef-419e-afcf-6e7714cce86c/AAABoJXHNdk/AAABnSSvrFg/16x9-big/gasspeicher-278.jpg?width=1280,2026-09-12T13:20:55Z,,"Stand: 12.09.2026 15:20 Uhr
Im kommenden Winter brauchen Millionen Haushalte wieder Gas für ihre Heizung - und die Sorge ist groß, dass dieses Jahr nicht genug Gas eingespeichert wurde. Die Bundesne… [+1508 chars]",,de,'Gasspeicher'
https://www.welt.de/vermischtes/article6aa55e0572b0e357a27dceea/alaska-15-jaehriger-ueberlebt-fast-drei-tage-auf-gekentertem-boot-in-der-beringsee-bruder-und-cousin-tot.html,https://www.welt.de/vermischtes/article6aa55e0572b0e357a27dceea/alaska-15-jaehriger-ueberlebt-fast-drei-tage-auf-gekentertem-boot-in-der-beringsee-bruder-und-cousin-tot.html,0,www.welt.de,15-Jähriger überlebt fast drei Tage auf gekentertem Boot in der Beringsee – Bruder und Cousin tot,"Eisige Kälte, hohe Wellen und fast drei Tage auf einem gekenterten Boot: Ein 15-Jähriger hat eine Havarie vor Alaska überlebt. Ein Fischerboot entdeckte und rettete den unterkühlten Teenager.",https://images.welt.de/6aa55e0572b0e357a27dceea/bdf95f5a7eb2cda469a3b5c251b6e423/ci16x9-w1200/2026-09-12t084721z-769290152-rc2khna7snym-rtrmadp-3-usa-rescue-jpg,2026-09-12T15:56:06Z,,Ein 15-Jähriger hat sich nach einer Havarie in der eiskalten Beringsee im US-Bundesstaat Alaska tagelang auf dem umgekippten Boot über Wasser gehalten. Der Teenager sei in dieser Woche von einem Fisc… [+879 chars],,de,'Kälte'
https://www.zeit.de/news/2026-09/13/tag-der-offenen-tuer-bei-berliner-polizei,https://www.zeit.de/news/2026-09/13/tag-der-offenen-tuer-bei-berliner-polizei,0,www.zeit.de,Auch Angebote für Kinder: Tag der offenen Tür bei Berliner Polizei,Hier finden Sie Informationen zu dem Thema „Auch Angebote für Kinder“. Lesen Sie jetzt „Tag der offenen Tür bei Berliner Polizei“.,https://img.zeit.de/news/2026-09/13/tag-der-offenen-tuer-bei-berliner-polizei-image-group/wide__1300x731,2026-09-13T04:00:05Z,,Die Berliner Polizei lädt zum Tag der offenen Tür. Zwischen 10.00 und 18.00 Uhr können Interessierte sich Einsatzvorführungen anschauen sowie neun Themenparks und ein Spiel- und Sportangebot speziell… [+788 chars],,de,'Kinder'
https://www.diepresse.com/41257580/wifo-chef-erwartet-hoehere-energiepreise-und-dadurch-einen,https://www.diepresse.com/41257580/wifo-chef-erwartet-hoehere-energiepreise-und-dadurch-einen,0,www.diepresse.com,Wifo-Chef erwartet höhere Energiepreise und dadurch einen Inflationsanstieg,"Die BIP-Prognose fürs laufende Jahr wird vom Wirtschaftsforschungsinstitut wohl abgesenkt, Wifo-Chef Felbermayer fordert: „Ausflüge des Gaspreises nach oben müssen vom Strompreis abgekoppelt werden.“",https://img.diepresse.com/public/incoming/4fmrrb-kein-titel/alternates/WEBP_WIDE_1200/kein%20Titel,2026-09-13T10:18:17Z,,"Die Presse auf Google als bevorzugte Nachrichtenquelle hinzufügen.
 Wie viele andere Experten erwartet auch Wifo-Chef Gabriel Felbermayer steigende Energiepreise wegen der Konflikte im Nahen Osten. … [+3059 chars]",,de,'Gas'
https://www.china-gadgets.de/midea-h-pack-waermepumpe/,https://www.china-gadgets.de/midea-h-pack-waermepumpe/,0,www.china-gadgets.de,Midea H-Pack: Nach der PortaSplit kommt die Wärmepumpe OHNE Außengerät – der nächste große Wurf?,"Nach dem Erfolg der PortaSplit zeigt Midea die Midea H-Pack: Eine 5-kW-Wärmepumpe ohne Außengerät, die sich ideal als Hybrid-Lösung für den Altbau eignet.

 
 

Link kopiert


Der Beitrag Midea H-Pack: Nach der PortaSplit kommt die Wärmepumpe OHNE Außengerä…",https://www.china-gadgets.de/app/uploads/2026/09/H-Pack-Aufmacher2.webp,2026-09-13T13:00:59Z,,"Nachdem Midea mit der mobilen Split-Klimaanlage PortaSplit bereits einen echten Volltreffer für Mietwohnungen und Eigenheime gelandet hat, legt der Hersteller im Heizungsbereich nach. Die Midea H-Pac… [+6444 chars]",,de,'Wärmepumpe'
https://www.bild.de/sport/fussball/was-macht-der-torwart-da-hertha-kassiert-absurde-blackout-banane-6aa6c18c240b302c8a8436a5,https://www.bild.de/sport/fussball/was-macht-der-torwart-da-hertha-kassiert-absurde-blackout-banane-6aa6c18c240b302c8a8436a5,0,www.bild.de,Was macht der Torwart da? - Hertha kassiert absurde „Blackout-Banane“,"Tooor für VfL Osnabrück, 1:2 durch Jonathan Gómez Gómez lässt den VfL hoffen! Osnabrücks linker Schienenspieler will von der seitlichen Strafraumlinie ei...","https://images.bild.de/6aa6c18c240b302c8a8436a5/23651aef9f66ee0027a4975ad3db7216,20bf0c33?w=1280",2026-09-13T22:00:16Z,,"+++Giganten-Triumph +++ Nur Boris noch größer Zverev gewinnt die US Open!
+++Giganten-Triumph +++ Nur Boris noch größer Zverev gewinnt die US Open!
+++Giganten-Triumph +++ Nur Boris noch größer Zve… [+548 chars]",,de,'Blackout'
https://www.zeit.de/wirtschaft/2026-09/zahlungsrueckstaende-energie-strom-gas-haushalte-mieter-nebenkosten-gxe,https://www.zeit.de/wirtschaft/2026-09/zahlungsrueckstaende-energie-strom-gas-haushalte-mieter-nebenkosten-gxe,0,www.zeit.de,Energie: Millionen Deutsche haben Zahlungsrückstände bei Versorgungsbetrieben,Viele Menschen in Deutschland kommen mit dem Begleichen ihrer Strom- und Gasrechnungen nicht hinterher. Besonders betroffen sind laut Statistikern Mieter.,https://img.zeit.de/gesellschaft/zeitgeschehen/2026-09/zahlungsrueckstaende-energie-strom-gas-haushalte-mieter-nebenkosten-foto-1/wide__1300x731,2026-09-14T06:59:47Z,,"Rund 3,8 Millionen Menschen in Deutschland hatten im vergangenen Jahr Probleme, ihre Strom- und Gasrechnungen fristgerecht zu bezahlen. Dies entspreche einem Anteil von 4,6 Prozent der Bevölkerung, t… [+1471 chars]",,de,'Kohle'
https://www.bild.de/leben-wissen/wohnen-living/gartenarbeit-im-september-was-jetzt-gepflanzt-und-gesaet-wird-6aa27dd6181cb962d488a778,https://www.bild.de/leben-wissen/wohnen-living/gartenarbeit-im-september-was-jetzt-gepflanzt-und-gesaet-wird-6aa27dd6181cb962d488a778,0,www.bild.de,Vor Kälteeinbruch - Was im Herbst im Garten zu tun ist,"Stauden, Blumenzwiebeln, Gehölze und Rasen brauchen jetzt Pflege. Welche Arbeiten anstehen und was Sie besser stehen lassen.","https://images.bild.de/6aa27dd6181cb962d488a778/f0e544595c65297eed840070df2b0b48,729801e1?w=1280",2026-09-14T08:56:44Z,,"TTS-Player überspringenArtikel weiterlesenDer Sommer verabschiedet sich, doch im Garten beginnt eine wichtige Arbeitsphase. Wer jetzt pflanzt, nachsät und den Balkon neu bestückt, schafft gute Voraus… [+4429 chars]",,de,'Kälte'
https://www.zeit.de/familie/2026-09/empty-nest-syndrom-eltern-kinder-auszug-beziehung,https://www.zeit.de/familie/2026-09/empty-nest-syndrom-eltern-kinder-auszug-beziehung,0,www.zeit.de,Empty-Nest-Syndrom: So wird das Empty Nest zum House of Love,"Mit dem Auszug der Kinder geraten Paare oft in eine Krise. Paartherapeut Wolfgang Schmidbauer erklärt, wie sich die Zweisamkeit neu beleben lässt – und wie besser nicht.",https://img.zeit.de/familie/2026-09/empty-nest-syndrom-eltern-kinder-auszug-beziehung-bild/wide__1300x731,2026-09-14T11:11:23Z,,"Wenn die Kinder aus dem Haus sind, haben viele Paare damit
zu kämpfen, wie sie wieder eine gemeinsame Ebene finden. Etwas, das sie
verbunden hat, mit all seinen Anforderungen, Freunden und Ärgernis… [+469 chars]",,de,'Kinder'
https://www.zeit.de/politik/ausland/2026-09/epa-emissionsgrenzen-klimaschutz-kohle-erdgaskraftwerke-lee-zeldin,https://www.zeit.de/politik/ausland/2026-09/epa-emissionsgrenzen-klimaschutz-kohle-erdgaskraftwerke-lee-zeldin,0,www.zeit.de,Klimaschutz: USA heben Emissionsgrenzen für fossile Kraftwerke auf,Die USA weichen weiter Klimaschutzvorschriften aus den Biden- und Obama-Jahren auf. In Zukunft dürfen Kohle- und Erdgaskraftwerke grenzenlos Emissionen ausstoßen.,https://img.zeit.de/politik/ausland/2026-09/epa-emissionsgrenzen-klimaschutz-kohle-erdgaskraftwerke-lee-zeldin-foto-1/wide__1300x731,2026-09-14T18:03:25Z,,"Die US-Umweltschutzbehörde EPA hebt Vorschriften zur Begrenzung klimaschädlicher Treibhausgasemissionen von Kohle- und Erdgaskraftwerken auf. Die Behörde teilte mit, dadurch würden der Industrie Kost… [+207 chars]",,de,'Kohle'
https://www.bild.de/politik/ausland-und-internationales/trump-kippt-klimaregeln-und-streicht-grenzwerte-fuer-us-kraftwerke-6aa82fe3fa3abfefca7ea995,https://www.bild.de/politik/ausland-und-internationales/trump-kippt-klimaregeln-und-streicht-grenzwerte-fuer-us-kraftwerke-6aa82fe3fa3abfefca7ea995,0,www.bild.de,Freie Fahrt für Kohle und Gas - Trump kippt Klimaregel für Kraftwerke,Die US-Umweltbehörde EPA schafft unter Donald Trump die Grenzwerte für Treibhausgase aus Kohle- und Gaskraftwerken ab. Umweltschützer warnen vor einem Rückschritt.,"https://images.bild.de/6aa82fe3fa3abfefca7ea995/f57bcdd7817f2ceddf0a2997405f20c6,3afa4252?w=1280",2026-09-14T18:08:13Z,,TTS-Player überspringenArtikel weiterlesenWashington Donald Trump (80) lockert weiter die Klima-Auflagen für Unternehmen. Seine Umweltbehörde EPA schafft die Grenzwerte für klimaschädliche Treibhausg… [+1910 chars],,de,'Kohle'
https://www.tagesspiegel.de/internationales/dpa-klimawandel-usa-kippen-zentrale-klimaschutzregeln-fur-kraftwerke-16052386.html,https://www.tagesspiegel.de/internationales/dpa-klimawandel-usa-kippen-zentrale-klimaschutzregeln-fur-kraftwerke-16052386.html,0,www.tagesspiegel.de,Klimawandel: USA kippen zentrale Klimaschutzregeln für Kraftwerke,Die Trump-Regierung baut den Klimaschutz in den USA weiter ab. Künftig dürfen Kohle- und Gaskraftwerke mehr Treibhausgase ausstoßen. Die Folgen dieser Entscheidung reichen weit über die USA hinaus.,https://www.tagesspiegel.de/images/16053506/alternates/BASE_16_9_W1400/1789463042000/kohlekraftwerk-in-den-usa.jpeg,2026-09-14T23:53:43Z,,Die US-Umweltbehörde EPA hat zentrale Vorschriften zur Begrenzung klimaschädlicher Treibhausgasemissionen von Kohle- und Gaskraftwerken aufgehoben. Der Großteil der Treibhausgasvorschriften für US-Kr… [+5375 chars],,de,'Gas'
https://www.tagesspiegel.de/internationales/dpa-zur-freude-der-us-kohleindustrietrump-regierung-kippt-zentrale-klimaschutzregeln-fur-kraftwerke-16052386.html,https://www.tagesspiegel.de/internationales/dpa-zur-freude-der-us-kohleindustrietrump-regierung-kippt-zentrale-klimaschutzregeln-fur-kraftwerke-16052386.html,0,www.tagesspiegel.de,Zur Freude der US-Kohleindustrie: Trump-Regierung kippt zentrale Klimaschutzregeln für Kraftwerke,Die USA bauen unter der aktuellen Administration den Klimaschutz weiter ab. Künftig darf die Stromerzeugung mehr Treibhausgase ausstoßen. Die Folgen reichen weit über die USA hinaus.,https://www.tagesspiegel.de/images/16053506/alternates/BASE_16_9_W1400/1789463042000/kohlekraftwerk-in-den-usa.jpeg,2026-09-14T23:53:43Z,,Die US-Umweltbehörde EPA hat zentrale Vorschriften zur Begrenzung klimaschädlicher Treibhausgasemissionen von Kohle- und Gaskraftwerken aufgehoben. Der Großteil der Treibhausgasvorschriften für US-Kr… [+6269 chars],,de,'Kohle'
https://www.tagesschau.de/ausland/amerika/usa-emissionsvorschriften-kraftwerke-100.html,https://www.tagesschau.de/ausland/amerika/usa-emissionsvorschriften-kraftwerke-100.html,0,www.tagesschau.de,US-Regierung hebt Klimaregeln für Kraftwerke auf,"Es ist ein weiterer Schritt der Trump-Administration, Umweltauflagen der Vorgängerregierung abzuschaffen: Die Umweltbehörde nimmt Regeln zurück, die den Treibhausgasausstoß für Kohle- und Gaskraftwerke begrenzen. Umweltschützer wollen klagen.",https://images.tagesschau.de/image/d9e79f3e-4c1f-4309-9ecf-149680647eca/AAABoKKlV0U/AAABnSSvrFg/16x9-big/kohlekraftwerk-usa-106.jpg?width=1280,2026-09-15T01:19:00Z,,"Stand: 15.09.2026 03:19 Uhr
Es ist ein weiterer Schritt der Trump-Administration, Umweltauflagen der Vorgängerregierung abzuschaffen: Die Umweltbehörde nimmt Regeln zurück, die den Treibhausgasausst… [+2577 chars]",,de,'Kohle'
https://www.zeit.de/news/2026-09/15/bericht-harrys-und-meghans-kinder-muessen-schule-wechseln,https://www.zeit.de/news/2026-09/15/bericht-harrys-und-meghans-kinder-muessen-schule-wechseln,0,www.zeit.de,Britische Royals: Bericht: Harrys und Meghans Kinder müssen Schule wechseln,Hier finden Sie Informationen zu dem Thema „Britische Royals“. Lesen Sie jetzt „Bericht: Harrys und Meghans Kinder müssen Schule wechseln“.,https://img.zeit.de/news/2026-09/15/bericht-harrys-und-meghans-kinder-muessen-schule-wechseln-image-group/wide__1300x731,2026-09-15T02:30:42Z,,Kurz nach ihrer Rückkehr aus den USA nach Großbritannien müssen die Kinder von Prinz Harry und Herzogin Meghan übereinstimmenden Medienberichten zufolge schon wieder die Schule wechseln. Bereits weni… [+3195 chars],,de,'Kinder'
https://www.n-tv.de/politik/US-Regierung-streicht-Klimaregeln-fuer-fossile-Kraftwerke-id31306096.html,https://www.n-tv.de/politik/US-Regierung-streicht-Klimaregeln-fuer-fossile-Kraftwerke-id31306096.html,0,www.n-tv.de,Trump will mehr Kohle verbrennen: US-Regierung streicht Klimaregeln für fossile Kraftwerke,"US-Präsident Trump hält den menschengemachten Klimawandel für einen Schwindel, eine Auffassung, die auch der Chef der US-Umweltbehörde teilt. Der kassiert nun Emissionsvorgaben der Vorgängerregierung und möchte auch noch weiter gehen.",https://www.n-tv.de/img/31306105/1789450351/Img_16_9/1200/image.jpg,2026-09-15T03:41:06Z,,"Umweltverbände wollen gegen die Streichung der Emissionsvorschriften klagen. (Foto: AP Photo/J. David Ake)
US-Präsident Trump hält den menschengemachten Klimawandel für einen Schwindel, eine Auffass… [+3103 chars]",,de,'Kohle'
https://www.derstandard.at/story/3000000339804/trump-regierung-streicht-klimaregeln-f252r-kohle-und-gaskraftwerke,https://www.derstandard.at/story/3000000339804/trump-regierung-streicht-klimaregeln-f252r-kohle-und-gaskraftwerke,0,www.derstandard.at,Trump-Regierung streicht Klimaregeln für Kohle- und Gaskraftwerke,Die US-Regierung nahm damit die wichtigste Klimaschutzbestimmung der Vorgängerregierung zurück. Umweltschützer wollen die Entscheidung juristisch anfechten,https://i.ds.at/N5b-Fg/rs:fill:1200:600/plain/lido-images/2026/09/15/c0b4c8ec-b535-4fd9-99b1-b2515d36e7a3.jpg,2026-09-15T04:27:11Z,,"Der Kühlturm eines Kohle- und Ergaskraftwerks in Amerika.
GETTY IMAGES NORTH AMERICA/SCOTT
Washington Die US-Regierung von Präsident Donald Trump hat die Auflagen für den Treibhausgasausstoß für Ko… [+718 chars]",,de,'Kohle'
https://www.spektrum.de/news/klimawandel-usa-heben-emissionsvorschriften-fuer-kohlekraftwerke-auf/2344601,https://www.spektrum.de/news/klimawandel-usa-heben-emissionsvorschriften-fuer-kohlekraftwerke-auf/2344601,0,www.spektrum.de,Stromerzeugung aus Kohle und Gas: USA heben Emissionsvorschriften für Kraftwerke auf,"Treibhausgase gelten als Haupttreiber des Klimawandels. Um deren Ausstoß zu begrenzen, gibt es auch in den USA Regeln. Doch diese werden nun Stück für Stück abgewickelt.",https://static.spektrum.de/fm/912/f1920x1080/GettyImages-2266450278.jpg,2026-09-15T07:23:50Z,,"Die US-Umweltbehörde EPA hebt Vorschriften zur Begrenzung klimaschädlicher Treibhausgasemissionen von Kohle- und Gastkraftwerken auf. Der Großteil der Treibhausgasvorschriften für US-Kraftwerke, die … [+1047 chars]",,de,'Gas'
https://www.morgenpost.de/wirtschaft/article413158928/umweltbehoerde-schafft-klimaregeln-ab-kohle-soll-in-den-usa-wieder-boomen.html,https://www.morgenpost.de/wirtschaft/article413158928/umweltbehoerde-schafft-klimaregeln-ab-kohle-soll-in-den-usa-wieder-boomen.html,0,www.morgenpost.de,Umweltbehörde schafft Klimaregeln ab: Kohle soll in den USA wieder boomen,Die US-Regierung hat Emissionsregeln für Kraftwerke abschaffen lassen. Sie hofft dadurch auf niedrige Strompreise und ignoriert die Folgen.,https://img.sparknews.funkemedien.de/413158966/413158966_1789459405_v16_9_1600.jpeg,2026-09-15T08:03:25Z,,Die USA lockern unter Präsident Donald Trump ihre Klimaschutzvorgaben für Kraftwerke drastisch. Die Umweltbehörde EPA hat zentrale Regeln für den Ausstoß von Treibhausgasen aus Kohle- und Gaskraftwer… [+3683 chars],,de,'Kohle'
https://www.bild.de/sport/fussball/hannover-96-kind-lob-und-kohle-verzicht-so-laeuft-der-wagner-poker-6aa8fd2e14e96b91c66facd4,https://www.bild.de/sport/fussball/hannover-96-kind-lob-und-kohle-verzicht-so-laeuft-der-wagner-poker-6aa8fd2e14e96b91c66facd4,0,www.bild.de,Kind-Lob und Kohle-Verzicht - So läuft der Wagner-Poker bei Hannover 96,Wird Sandro Wagner neuer Trainer von Hannover 96? So ist der Stand im Poker.,"https://images.bild.de/6aa8fd2e14e96b91c66facd4/aca423db6fbf84aaa138b9f0380fb51b,cc7a5012?w=1280",2026-09-15T09:38:12Z,,"Wird Sandro Wagner neuer Trainer von Hannover 96? Der Poker läuft. Was für Wagner spricht: Er kassierte jetzt ein dickes Lob von 96-Patron Martin Kind, der Einblicke in den Poker gibt. Aber: Wagner m… [+130 chars]",,de,'Kohle'
https://www.faz.net/aktuell/wissen/erde-klima/lassen-sich-solarzellen-und-rechenzentren-im-meer-installieren-accg-201212830.html,https://www.faz.net/aktuell/wissen/erde-klima/lassen-sich-solarzellen-und-rechenzentren-im-meer-installieren-accg-201212830.html,0,www.faz.net,Datencenter und Solarparks: Rechnen unter Wasser,"Wenn es an Land zu heiß für Rechenzentren und zu eng für Solaranlagen wird, könnten die Meere eine Alternative sein. Halten die Installationen Salz, Kälte und Wellen stand?",https://media0.faz.net/image/w1200h627/0cdfab9b8250/w1920h1003x0y38o/202609/43601.0.2534300392/datenzentrum-in-einer-kapsel.webp,2026-09-15T09:50:36Z,,"An Land wird der Platz für Infrastruktur knapp, und im Sommer ist es vielfach so heiß, dass sie versagt. Es wird um Platz für neue Straßen, Gewerbegebiete, Solarparks und Datenzentren gekämpft. Das K… [+7520 chars]",,de,'Kälte'
https://orf.at/stories/3442227/,https://orf.at/stories/3442227/,0,orf.at,USA kippen zentrale Klimaschutzregeln,"Die US-Umweltbehörde EPA hat am Montag zentrale Vorschriften zur Begrenzung klimaschädlicher Treibhausgasemissionen von Kohle- und Gaskraftwerken aufgehoben. Man wolle die „US-amerikanische Energie schützen“, so das Argument. Die Umweltbehörde folgt damit ein…",https://ibs.orf.at/news?image=https%3A%2F%2Fassets.orf.at%2Fmims%2F2026%2F38%2F16%2Fcrops%2Fw%3D1200%2Ch%3D630%2Cq%3D75%2F3183346_master_1234516_usa_klima_regelungen_kraftwerke_ende_ap.jpg%3Fs%3De92fe842e99d2a1e14595aaac3872933b0464ac1,2026-09-15T10:09:29Z,,"Der Großteil der Treibhausgasvorschriften für US-Kraftwerke, die unter der demokratischen Regierung des vorherigen Präsidenten Joe Biden eingeführt wurden, werde zurückgenommen, teilte EPA-Chef Lee Z… [+4589 chars]",,de,'Kohle'
https://www.zeit.de/news/2026-09/15/spitzenreiter-bremen-wo-besonders-viele-kinder-leben,https://www.zeit.de/news/2026-09/15/spitzenreiter-bremen-wo-besonders-viele-kinder-leben,0,www.zeit.de,Weltkindertag am 20.9.: Spitzenreiter Bremen - Wo besonders viele Kinder leben,Hier finden Sie Informationen zu dem Thema „Weltkindertag am 20.9.“. Lesen Sie jetzt „Spitzenreiter Bremen - Wo besonders viele Kinder leben“.,https://img.zeit.de/news/2026-09/15/spitzenreiter-bremen-wo-besonders-viele-kinder-leben-image-group/wide__1300x731,2026-09-15T10:24:28Z,,"In Bremen ist der Anteil von Kindern an der Bevölkerung so groß wie in kaum einem anderen Bundesland. 13,4 Prozent der Menschen in der Hansestadt sind nicht älter als 13 Jahre, wie aus Daten des Stat… [+612 chars]",,de,'Kinder'
https://www.faz.net/aktuell/gesellschaft/kriminalitaet/pruegelei-zwischen-eltern-auf-spielplatz-in-stadthagen-polizei-setzt-pfefferspray-ein-201230608.html,https://www.faz.net/aktuell/gesellschaft/kriminalitaet/pruegelei-zwischen-eltern-auf-spielplatz-in-stadthagen-polizei-setzt-pfefferspray-ein-201230608.html,0,www.faz.net,Fünf Verletzte: Eltern prügeln sich auf Spielplatz wegen ihrer Kinder,"In Stadthagen sind mehrere Eltern aneinandergeraten, nachdem sich ihre Kinder um einen Ball gestritten hatten. Die Polizei musste Pfefferspray anwenden, um die Beteiligten zu trennen.",https://media0.faz.net/image/w1200h627/b634c052e8fc/w5183h2708x0y404o/202609/43601.0.2556299755/nach-einem-kinderstreit-kam-es.webp,2026-09-15T20:39:20Z,,"Mehrere Eltern sind in Stadthagen im Landkreis Schaumburg aneinandergeraten, weil ihre Kinder sich um einen Ball gestritten haben. Dabei seien ein 26-Jähriger schwer und vier weitere Eltern leicht ve… [+660 chars]",,de,'Kinder'
https://www.n-tv.de/wirtschaft/Reiche-vollzieht-offenbar-Kehrtwende-und-laesst-nun-zusaetzlich-Gas-einkaufen-id31310667.html,https://www.n-tv.de/wirtschaft/Reiche-vollzieht-offenbar-Kehrtwende-und-laesst-nun-zusaetzlich-Gas-einkaufen-id31310667.html,0,www.n-tv.de,Niedrige Speicherstände: Reiche vollzieht offenbar Kehrtwende - und lässt nun zusätzlich Gas einkaufen,Bislang wollte Katherina Reiche den Markt nicht durch staatliche Käufe verzerren. Angesichts niedriger Speicherstände rückt die Bundeswirtschaftsministerin laut einem Medienbericht von dieser Linie nun ab. Der bundeseigene Importeur Sefe soll mit Zukäufen ber…,https://www.n-tv.de/img/31310706/1789541780/Img_16_9/1200/619297042.jpg,2026-09-16T05:04:02Z,,"Niedrige SpeicherständeReiche vollzieht offenbar Kehrtwende - und lässt nun zusätzlich Gas einkaufen
Katherina Reiche, Bundesministerin für Wirtschaft und Energie, gibt ihren Widerstand gegen Staats… [+3103 chars]",,de,'Gas'
https://www.focus.de/immobilien/hormus-krise-treibt-energiepreise-auf-neue-rekorde-neukunden-zahlen-26-euro-mehr-pro-megawattstunde_1361c5fc-08a1-47d7-8e53-5844e901874c.html,https://www.focus.de/immobilien/hormus-krise-treibt-energiepreise-auf-neue-rekorde-neukunden-zahlen-26-euro-mehr-pro-megawattstunde_1361c5fc-08a1-47d7-8e53-5844e901874c.html,0,www.focus.de,Hormus-Krise treibt Energiepreise auf neue Rekorde: Neukunden zahlen 26 Euro mehr pro Megawattstunde,Das fehlende Gas macht sich im Gas-Großhandel bemerkbar. Auch Strom ist betroffen. Verbraucher stehen vor einer entscheidenden Wahl.,"https://quadro.burda-forward.de/ctf/bcd384b1-a5ea-400a-8d74-bdba5b033e38.dc63875e-7ee8-48ca-81a5-cabccd2be848.jpg?im=RegionOfInterestCrop=(1200,630),regionOfInterest=(2430,1419)&hash=9a1e98a627701acdfaa38173052e3f68a66b5e717ede755e127980d8938e33f9",2026-09-16T05:06:00Z,,"Deutschland hat im europäischen Vergleich ohnehin schon fast die teuersten Strompreise, aber die Krise am Persischen Golf verschärft das Problem weiter. Laut dem Strommarktexperten John Horstmann ist… [+5624 chars]",,de,'Gasspeicher'
https://www.faz.net/aktuell/wirtschaft/klima-nachhaltigkeit/reiche-will-gasspeicher-mit-ausschreibungen-fuellen-accg-201231227.html,https://www.faz.net/aktuell/wirtschaft/klima-nachhaltigkeit/reiche-will-gasspeicher-mit-ausschreibungen-fuellen-accg-201231227.html,0,www.faz.net,Nur halb voll: Reiche will Gasspeicher mit Ausschreibungen füllen,Die Bundeswirtschaftsministerin will nun doch etwas gegen die Schieflage am Gasmarkt tun. Spritpreisdeckel und Übergewinnsteuern für Mineralölkonzerne lehnt sie ab.,https://media0.faz.net/image/w1200h627/1edcd8acbb2f/w4196h2192x854y1820o/202609/43601.0.2558448878/wirtschaftsministerin-reiche.webp,2026-09-16T05:39:09Z,,"Angesichts historisch niedriger Gasspeicherstände in Deutschland will Bundeswirtschaftsministerin Katherina Reiche den finanziellen Anreiz für Händler erhöhen, zusätzlich Gas für den Winter verfügbar… [+4876 chars]",,de,'Gasspeicher'
https://taz.de/Versorgung-fuer-den-Winter/!6213570/,https://taz.de/Versorgung-fuer-den-Winter/!6213570/,0,taz.de,Versorgung für den Winter: Reiche will Gasspeicher mit höheren Ausschreibungen füllen,Angesichts historisch niedriger Füllmengen in den Gasspeichern setzt die Bundeswirtschaftsministerin auf den Markt – sie will aber Anreize geben.,https://taz.de/picture/8741707/1200/618688021.jpeg,2026-09-16T06:31:00Z,,Angesichts historisch niedriger Füllmengen in den Gasspeichern setzt die Bundeswirtschaftsministerin auf den Markt – sie will aber Anreize geben. mehr...,,de,'Gasspeicher'
https://www.bild.de/sport/fussball/karriere-transfer-kohle-was-der-klopp-coup-fuer-den-1-fc-koeln-und-said-el-mala-bedeutet-6aaa373946c2b72ce0eda714,https://www.bild.de/sport/fussball/karriere-transfer-kohle-was-der-klopp-coup-fuer-den-1-fc-koeln-und-said-el-mala-bedeutet-6aaa373946c2b72ce0eda714,0,www.bild.de,Karriere + Transfer + Kohle-Bonus - Was der Klopp-Coup für Köln und El Mala bedeutet,Die DFB-Nominierung von Said El Mala (20) durch Bundestrainer Jürgen Klopp (59) hat schon jetzt konkrete Folgen für den Köln-Star.,"https://images.bild.de/6aaa373946c2b72ce0eda714/44969d8bc442f8062f9f47e1d9588271,8372e922?w=1280",2026-09-16T09:01:47Z,,"Die DFB-Nominierung von Said El Mala (20) durch Bundestrainer Jürgen Klopp (59) hat schon jetzt konkrete Folgen für den Köln-Star und seinen Klub. Dabei geht es um die sportliche Karriere, finanziell… [+122 chars]",,de,'Kohle'
https://www.n-tv.de/wirtschaft/So-leer-sind-die-deutschen-Gasspeicher-id31311804.html,https://www.n-tv.de/wirtschaft/So-leer-sind-die-deutschen-Gasspeicher-id31311804.html,0,www.n-tv.de,Reiche will nachfüllen: So leer sind die deutschen Gasspeicher,Deutschlands Gasvorräte sind für diese Jahreszeit auffallend niedrig. Im Fall eines sehr kalten Winters könnte es eng werden. Wirtschaftsministerin Reiche will nun gegensteuern.,https://www.n-tv.de/img/31311765/1789557467/Img_16_9/1200/536544422.jpg,2026-09-16T10:01:32Z,,"Auch in Rehden ist noch viel Platz. (Foto: picture alliance/dpa)
Deutschlands Gasvorräte sind für diese Jahreszeit auffallend niedrig. Im Fall eines sehr kalten Winters könnte es eng werden. Wirtsch… [+3197 chars]",,de,'Gasspeicher'
https://www.sueddeutsche.de/wirtschaft/gas-reiche-speicher-li.3548311,https://www.sueddeutsche.de/wirtschaft/gas-reiche-speicher-li.3548311,0,www.sueddeutsche.de,Energieversorgung: Reiche will Gasspeicher füllen,"Nur 56 Prozent beträgt derzeit der Füllstand, das ist sehr niedrig für die Jahreszeit. Markteingriffe jedoch lehnt die Wirtschaftsministerin strikt ab. Dennoch verstärkt sie nun ihre Bemühungen.",https://www.sueddeutsche.de/2026/09/16/b834125e-4612-45c8-b64d-a481aa5d5d54.jpg?q=60&fm=webp&width=1200&rect=0%2C203%2C4000%2C2250,2026-09-16T11:42:49Z,,"Derzeit sind die deutschen Gasspeicher nur zu rund 56 Prozent befüllt. Dies ist für diese Jahreszeit extrem niedrig. Selbst im Jahr 2021, also im letzten Jahr vor dem russischen Überfall auf die Ukra… [+3855 chars]",,de,'Gas'
https://www.welt.de/wirtschaft/plus6aaa500fa9420481bd2132ac/der-staat-hat-beim-gas-fehler-gemacht-doch-verzockt-haben-sich-andere.html,https://www.welt.de/wirtschaft/plus6aaa500fa9420481bd2132ac/der-staat-hat-beim-gas-fehler-gemacht-doch-verzockt-haben-sich-andere.html,0,www.welt.de,Der Staat hat beim Gas Fehler gemacht – doch verzockt haben sich andere,"Die Gasspeicher sind zu leer, also soll wieder einmal der Staat schuld sein. Doch so einfach ist es nicht. Denn während die Regierung zögerte, haben andere gezockt – und erwarten nun, dass der Staat ihre Wette absichert.",https://images.welt.de/6aaa500fa9420481bd2132ac/5c7a0d4bd02f6772f7441fe59d0a6ed1/ci16x9-w1200/dpa-com-260916-935-1613201-jpg,2026-09-16T13:33:43Z,,"Die Gasspeicher sind zu leer, also soll wieder einmal der Staat schuld sein. Doch so einfach ist es nicht. Denn während die Regierung zögerte, haben andere gezockt und erwarten nun, dass der Staat ih… [+18 chars]",,de,'Gasspeicher'
https://www.faz.net/aktuell/sport/rhein-main-sport/darmstadt-98/jonathan-heimes-spendenaktion-erloest-ueber-viertelmillion-euro-201233461.html,https://www.faz.net/aktuell/sport/rhein-main-sport/darmstadt-98/jonathan-heimes-spendenaktion-erloest-ueber-viertelmillion-euro-201233461.html,0,www.faz.net,Spendenaktion: „Du musst kämpfen“ erlöst über eine Viertelmillion Euro,Vor zehn Jahren starb der Darmstädter Jonathan Heimes an Krebs. Seine Initiative erlöste zuletzt über eine Viertelmillion Spendengelder. Gefördert werden krebskranke Kinder.,https://media0.faz.net/image/w1200h627/9bc8888933d2/w3000h1567x0y60o/201603/431.0.30360158/das-ehemalige-tennistalent.webp,2026-09-16T13:50:06Z,,Über eine Viertelmillion Euro haben die Spendenaktionen von Du musst kämpfen! (DMK) in den zurückliegenden zwölf Monaten erlöst. Die Darmstädter Initiative überreichte Spenden in Höhe von insgesamt 2… [+1002 chars],,de,'Kinder'
https://www.tagesspiegel.de/wirtschaft/staatsunternehmen-sefe-kauft-gas-ein-fullstand-von-80-prozent-bei-speichern-laut-netzagentur-aber-nicht-mehr-zu-schaffen-16060634.html,https://www.tagesspiegel.de/wirtschaft/staatsunternehmen-sefe-kauft-gas-ein-fullstand-von-80-prozent-bei-speichern-laut-netzagentur-aber-nicht-mehr-zu-schaffen-16060634.html,0,www.tagesspiegel.de,Staatsunternehmen Sefe kauft Gas ein: Füllstand von 80 Prozent bei Speichern laut Netzagentur aber „nicht mehr zu schaffen“,Derzeit sind die Gasspeicher der Netzagentur zufolge zu 56 Prozent gefüllt. Gesetzlich vorgeschrieben ist bis 1. November eigentlich eine Befüllung der meisten Anlagen von 80 Prozent. Doch das ist offenbar unrealistisch.,https://www.tagesspiegel.de/images/16060645/alternates/BASE_16_9_W1400/1789564773000/gasspeicher.jpeg,2026-09-16T13:53:13Z,,"Ein Füllstand der deutschen Gasspeicher von 80 Prozent bis zum 1. November ist laut dem Chef der Bundesnetzagentur, Klaus Müller, nicht mehr zu schaffen. Die Speicher seien jedoch nicht allein wichti… [+3569 chars]",,de,'Gas'
https://www.n-tv.de/politik/Bericht-Ministerin-Reiche-laesst-Treffen-mit-Gaslobby-vertuschen-id31312708.html,https://www.n-tv.de/politik/Bericht-Ministerin-Reiche-laesst-Treffen-mit-Gaslobby-vertuschen-id31312708.html,0,www.n-tv.de,Austausch zum Heizungsgesetz: Bericht: Ministerin Reiche lässt Treffen mit Gaslobby vertuschen,Die Nähe von Wirtschaftsministerin Reiche zur Gasindustrie sorgt immer wieder für Kritik. Durch ihr Wirken wird nun das Heizen mit fossilen Energien für längere Zeit weiter möglich bleiben. Die Grünen fragen zu Lobbykontakten bei der Gesetzesentstehung - und …,https://www.n-tv.de/img/31312875/1789570186/Img_16_9/1200/619329514.jpg,2026-09-16T14:00:04Z,,"Austausch zum HeizungsgesetzBericht: Ministerin Reiche lässt Treffen mit Gaslobby vertuschen
Katherina Reiche arbeitete früher für die Eon-Tochter Westenergie. (Foto: picture alliance / NurPhoto)
D… [+4854 chars]",,de,'Wärmepumpe'
https://www.focus.de/immobilien/gasspeicher-nur-halb-voll-deutschland-muss-jetzt-nachlegen_fa175eea-e389-4f24-8815-8ecdb80702b7.html,https://www.focus.de/immobilien/gasspeicher-nur-halb-voll-deutschland-muss-jetzt-nachlegen_fa175eea-e389-4f24-8815-8ecdb80702b7.html,0,www.focus.de,Gasspeicher nur halb voll: Deutschland muss jetzt nachlegen,"Die Gasspeicher sind nicht voll genug. Um sie zu füllen, hat die Bundesregierung eine besondere Reißleine. Angeblich zieht sie diese nun.","https://quadro.burda-forward.de/ctf/fccdf4ae-4202-4a47-a5e6-0032c1ee8a1c.baf2e159-46d5-4572-9255-af7ae1f94ede.jpg?im=RegionOfInterestCrop=(1200,630),regionOfInterest=(1852,1081)&hash=73cd45d45b8ce098db967b2b08e96845b0d5eb8bff62ac0a6ea9c72cf506b7ce",2026-09-16T14:40:00Z,,"Medienberichten zufolge hat der Bund den staatlichen Gasimporteur Securing Energy for Europe GmbH (Sefe) angewiesen, mehr Gas einzukaufen. Das soll dazu führen, dass die Gasspeicher-Füllstandsvorgabe… [+8259 chars]",,de,'Gasspeicher'
https://www.faz.net/aktuell/wirtschaft/klima-nachhaltigkeit/katherina-reiche-greift-in-den-gasmarkt-ein-201232596.html,https://www.faz.net/aktuell/wirtschaft/klima-nachhaltigkeit/katherina-reiche-greift-in-den-gasmarkt-ein-201232596.html,0,www.faz.net,Versorgungssicherheit: Die Angst vor einem kalten Winter,"Bundeswirtschaftsministerin Reiche will nun doch etwas gegen die Schieflage am Gasmarkt tun, um für die kalte Jahreszeit gewappnet zu sein. Die grundsätzliche Verantwortung sieht die Politik aber nicht bei sich.",https://media0.faz.net/image/w1200h627/5935993be82d/w6144h3210x0y763o/202607/43601.0.2388017631/zu-besuch-bei-einem.webp,2026-09-16T16:11:03Z,,"Energiebranche und Politik haben am Mittwoch mit gemischten Gefühlen auf Pläne von Bundeswirtschaftsministerin Katherina Reiche (CDU) reagiert, angesichts historisch niedriger Füllstände der Gasspeic… [+4715 chars]",,de,'Gasspeicher'
https://www.morgenpost.de/wirtschaft/article413169668/gasspeicher-vor-dem-winter-nur-halb-voll-wie-reiche-jetzt-nachfuellen-will.html,https://www.morgenpost.de/wirtschaft/article413169668/gasspeicher-vor-dem-winter-nur-halb-voll-wie-reiche-jetzt-nachfuellen-will.html,0,www.morgenpost.de,Gasspeicher vor dem Winter nur halb voll: Wie Reiche jetzt nachfüllen will,"Die Speicherstände liegen deutlich unter dem Vorjahresstand. Wirtschaftsministerin Reiche will nun Anreize schaffen, mehr Gas vorzuhalten.",https://img.sparknews.funkemedien.de/413171987/413171987_1789582126_v16_9_1600.jpeg,2026-09-16T18:08:46Z,,"Die Heizperiode steht vor der Türe, aber die unterirdischen Gasspeicher sind leerer als im vergangenen Jahr. Waren die hiesigen Lagerstätten Mitte September 2025 zu 76 Prozent gefüllt, sind es jetzt … [+3049 chars]",,de,'Gas'
https://www.tagesspiegel.de/wirtschaft/dpa-gasversorgung-gasspeicher-sorgen-fur-nervositat-welche-rolle-haben-sie-16062300.html,https://www.tagesspiegel.de/wirtschaft/dpa-gasversorgung-gasspeicher-sorgen-fur-nervositat-welche-rolle-haben-sie-16062300.html,0,www.tagesspiegel.de,Gasversorgung: Gasspeicher sorgen für Nervosität - welche Rolle haben sie?,Der niedrige Füllstand der Gasspeicher in Deutschland beunruhigt viele Menschen. Aber wie funktioniert eigentlich das System der Gasspeicher?,https://www.tagesspiegel.de/images/16062299/alternates/BASE_16_9_W1400/1789613187000/gasspeicher.jpeg,2026-09-17T02:46:26Z,,Bis zum Winter sind es noch ein paar Monate. Dennoch geht der Blick schon auf die kalte Jahreszeit. Grund sind die vergleichsweise niedrigen Füllstände der Gasspeicher in Deutschland. Doch was ist ei… [+8127 chars],,de,'Gasspeicher'
https://www.welt.de/kultur/literarischewelt/plus6aa15607181cb962d48896bb/geschlechtsidentitaet-wie-die-besessene-suche-nach-dem-wahren-geschlecht-begann.html,https://www.welt.de/kultur/literarischewelt/plus6aa15607181cb962d48896bb/geschlechtsidentitaet-wie-die-besessene-suche-nach-dem-wahren-geschlecht-begann.html,0,www.welt.de,Wie die besessene Suche nach dem „wahren Geschlecht“ begann,Michel Foucault gilt als Begründer der Identitätsideologie. Nach seinem Tod fand man ein Manuskript über „Hermaphroditen“. Es lässt sich als Fundamentalkritik der heutigen Trans-Debatte lesen. Trumpisten und Aktivisten wird es gleichermaßen verstören.,https://images.welt.de/6aa15607181cb962d48896bb/3b2f3b0961041f9359704c05d6852341-master/ci16x9-w1200/dwosb-foucault-mku-jpg,2026-09-17T05:20:10Z,,Die WELT als ePaper: Die vollständige Ausgabe steht Ihnen bereits am Vorabend zur Verfügung so sind Sie immer hochaktuell informiert. Weitere Informationen https://epaper.welt.de,,de,'Geschlecht'
https://www.faz.net/aktuell/wirtschaft/immobilien-wohnen/bauen-kaufen/immobilien-abriss-hinterlaesst-schimmel-beim-nachbarn-accg-201154451.html,https://www.faz.net/aktuell/wirtschaft/immobilien-wohnen/bauen-kaufen/immobilien-abriss-hinterlaesst-schimmel-beim-nachbarn-accg-201154451.html,0,www.faz.net,Immobilien vor Gericht: Abriss hinterlässt Schimmel beim Nachbarn,"Bauarbeiten im Nachbarhaus verursachen nicht nur Lärm, sondern auch Feuchtigkeit. Die gemeinsame Giebelwand war nicht ausreichend geschützt. Wer zahlt für den Schaden?",https://media0.faz.net/image/w1200h627/a9cda763d44b/w5122h2676x0y704o/202509/43601.0.1299343681/schimmelbefall-durch-eine.webp,2026-09-17T08:10:00Z,,"Wer sein Haus abreißen lässt und die gemeinsame Giebelwand ungeschützt der Witterung überlässt, muss dem Nachbarn die Folgeschäden ersetzen. Zwei Nachbarn bewohnten ein Doppelhaus mit gemeinsamer Gie… [+1484 chars]",,de,'Schimmel'
https://www.bild.de/news/inland/der-fall-daniel-v-so-knapp-entging-deutschland-einem-mega-blackout-6aa91aa38191ba8609511d7a,https://www.bild.de/news/inland/der-fall-daniel-v-so-knapp-entging-deutschland-einem-mega-blackout-6aa91aa38191ba8609511d7a,0,www.bild.de,True-Crime-Podcast „IM EINSATZ“ - So knapp entging Deutschland einem Mega-Blackout,"Ein Anschlag auf Umspannwerke sollte Deutschlands Stromnetz lahmlegen. Im Podcast „IM EINSATZ“ erklärt Thomas Fischer, wie verwundbar die Infrastruktur ist.","https://images.bild.de/6aa91aa38191ba8609511d7a/9904db283d7a474cf14af63008c0f10a,ceba7566?w=1280",2026-09-17T18:49:06Z,,TTS-Player überspringenArtikel weiterlesenHambach (NRW) Ein Mann. Ein Plan. Und fast ein Blackout für ganz Deutschland. Daniel V. (48) griff mit selbstgebauten Raketen-Vorrichtungen mehrere Umspannwe… [+1955 chars],,de,'Blackout'
https://www.diepresse.com/41271272/erdwaerme-die-kostenlose-energie-aus-der-tiefe-kommt-vermehrt-in-die,https://www.diepresse.com/41271272/erdwaerme-die-kostenlose-energie-aus-der-tiefe-kommt-vermehrt-in-die,0,www.diepresse.com,Erdwärme: Die kostenlose Energie aus der Tiefe kommt vermehrt in die Stadt [premium],"Drei bis fünf Sonden braucht ein Altbau in Wien, um mit Erdwärme beheizt und gekühlt zu werden. Warum dazu Eigengrund nicht zwingend notwendig ist, eine Sanierung aber sinnvoll.",https://img.diepresse.com/public/incoming/wls8of-johanneszeininger-c-carolinafrankfr9563jpg/alternates/WEBP_WIDE_1200/Johannes_Zeininger-_c_-Carolina_Frank_FR_9563.jpg,2026-09-18T08:30:06Z,,"Die natürliche Wärme aus dem Erdinneren steht kostenlos, immer und überall zur Verfügung. . Im Neubau weit verbreitet, setzt sich Erdwärme auch im Bestand zunehmend durch. Und leistet nicht nur einen… [+4376 chars]",,de,'Sanierung'
https://www.telepolis.de/article/Deutschland-bei-56-Prozent-Warum-volle-Gasspeicher-trotz-mehr-LNG-utopisch-sind-11458241.html,https://www.telepolis.de/article/Deutschland-bei-56-Prozent-Warum-volle-Gasspeicher-trotz-mehr-LNG-utopisch-sind-11458241.html,0,www.telepolis.de,Deutschland bei 56 Prozent: Warum volle Gasspeicher trotz mehr LNG utopisch sind,Deutschlands Speicher nur zu 56 Prozent gefüllt. INES warnt: Bei extremer Kälte drohen im Januar Versorgungslücken von bis zu 25 Prozent.,https://heise.cloudimg.io/v7/_www-heise-de_/imgs/18/5/1/6/7/6/4/4/shutterstock_238898095-95cb388605603311.jpg?func=bound&height=1200&org_if_sml=1&q=85&width=1200,2026-09-18T09:45:00Z,,"(Bild: muratart/Shutterstock.com)
Deutschlands Speicher nur zu 56 Prozent gefüllt. INES warnt: Bei extremer Kälte drohen im Januar Versorgungslücken von bis zu 25 Prozent.
Europa steht vor einem br… [+4574 chars]",,de,'Gas'
https://www.n-tv.de/wirtschaft/Deutscher-Staatskonzern-setzt-Gasversorgung-aufs-Spiel-id31317671.html,https://www.n-tv.de/wirtschaft/Deutscher-Staatskonzern-setzt-Gasversorgung-aufs-Spiel-id31317671.html,0,www.n-tv.de,Sefe gehörte russischem Gazprom: Deutscher Staatskonzern setzt Gasversorgung aufs Spiel,"Nach Russlands Vollinvasion in der Ukraine übernimmt Deutschland die hiesige Gazprom-Tochter. Heute heißt das Gasunternehmen Securing Energy for Europe (Sefe). Doch statt die Versorgung zu sichern, riskiert es ebendiese.",https://www.n-tv.de/img/31320902/1789734347/Img_16_9/1200/559175210.jpg,2026-09-18T10:47:12Z,,"Sefe-Mitarbeiter auf dem Gelände des Erdgasspeichers Rehden. (Foto: picture alliance/dpa)
Nach Russlands Vollinvasion in der Ukraine übernimmt Deutschland die hiesige Gazprom-Tochter. Heute heißt da… [+6419 chars]",,de,'Gas'
https://www.sueddeutsche.de/wirtschaft/gasspeicher-versorgungssicherung-li.3549850,https://www.sueddeutsche.de/wirtschaft/gasspeicher-versorgungssicherung-li.3549850,0,www.sueddeutsche.de,Energieversorgung: Wie werden die Gasspeicher schneller voll?,"Anfang November ist ein Füllstand von 70 Prozent vorgeschrieben. Doch den zu erreichen, wird immer unrealistischer. Der Bund hat nun einen Plan – ob er rechtzeitig wirkt, ist ungewiss.",https://www.sueddeutsche.de/2026/09/18/e07d4dbe-c398-42f0-b4f0-ae5819d57ef1.jpg?q=60&fm=webp&width=1200&rect=0%2C203%2C4000%2C2250,2026-09-18T12:23:25Z,,"Es geht mühselig voran in den deutschen Gasspeichern. Von Mittwoch auf Donnerstag, nur zum Beispiel, stieg der Füllstand um 0,06 Prozentpunkte, auf nunmehr gut 56 Prozent. Einfacher Dreisatz: Bei dem… [+348 chars]",,de,'Gasspeicher'
https://www.sueddeutsche.de/bayern/bayern-gruene-energie-unabhaengigkeit-oel-gas-li.3550013,https://www.sueddeutsche.de/bayern/bayern-gruene-energie-unabhaengigkeit-oel-gas-li.3550013,0,www.sueddeutsche.de,Hightech-Energieagenda: Grüne wollen Bayern unabhängig von Öl und Gas machen,"Großwärmepumpen, Erdwärme, ein grünes Wasserstoffkraftwerk, mehr Solar- und Windenergie: So stellt  sich die Partei die Versorgung der Zukunft vor. Und Stromkunden sollen auch profitieren.",https://www.sueddeutsche.de/2026/09/18/dfd8a66d-a476-4625-9c70-7efd8aa6cbc3.jpg?q=60&fm=webp&width=1200&rect=0%2C209%2C4000%2C2250,2026-09-18T13:09:23Z,,"Energie selbst erzeugen, intelligent verteilen und speichern so machen wir uns unabhängiger, stärken unsere Wirtschaft und gewinnen Freiheit zurück, sagte Fraktionschefin Katharina Schulze. Solange A… [+2485 chars]",,de,'Wärmepumpe'
https://www.faz.net/aktuell/technik-motor/schlusslicht-himmelhoch-im-tief-accg-201236720.html,https://www.faz.net/aktuell/technik-motor/schlusslicht-himmelhoch-im-tief-accg-201236720.html,0,www.faz.net,Schlusslicht: Himmelhoch im Tief,"Es bleiben Handtücher liegen, Gas fehlt und Medikamente auch. Wo soll das bloß enden? Fragen Sie Ihren Papst oder Apotheker.",https://media0.faz.net/image/w1200h627/798f3a69f852/w4506h2354x0y281o/202606/43601.0.2254828164/sie-wird-schusselig-die.webp,2026-09-20T07:00:00Z,,"Vom Hoch ins Tief gehts schief, weiß der Hobbypilot und dreht am Höhenmesser, um eine unerquickliche Begegnung mit Bergen oder Masten zu vermeiden. Am frühen Morgen holt uns die Realität schon bei de… [+2236 chars]",,de,'Gas'
https://wien.orf.at/stories/3371063/,https://wien.orf.at/stories/3371063/,0,wien.orf.at,Zahl der Gasheizungen stagniert,"Wien will bis 2040 klimaneutral sein. Doch immer noch gibt es über eine halbe Million Gaszähler, der Bundesfördertopf für den Umbau ist leer und österreichweit werden weniger Wärmepumpen und mehr Ölkessel verkauft.",https://ibs.orf.at/wie?image=https%3A%2F%2Foekastatic.orf.at%2Fmims%2F2022%2F10%2F27%2Fcrops%2Fw%3D1200%2Ch%3D627%2Cq%3D75%2F1261370_master_449927_meldungsliste14.jpg%3Fs%3Da6100d12ed4e238713e67ad40e21f1f3153bd304,2026-09-20T12:53:49Z,,"Um die Klimaziele bis 2040 zu erreichen, werden fossile Heizungen gegen erneuerbare Alternativen wie Wärmepumpen ausgetauscht. Im Jahr 2024 gab es laut dem Energiebericht der Stadt Wien aber noch meh… [+3380 chars]",,de,'Wärmepumpe'
https://taz.de/Exxonmobil-prognostiziert-Klimawandel/!6149302/,https://taz.de/Exxonmobil-prognostiziert-Klimawandel/!6149302/,0,taz.de,Exxonmobil prognostiziert Klimawandel: US-Ölriese rechnet 2050 mit Erderhitzung von bis zu 3 Grad,"Exxonmobil ist pessimistisch beim Klimawandel. Laut dem Ölkonzern, der selbst stark dazu beiträgt, gibt vor allem die Nutzung von Kohle den Ausschlag.",https://taz.de/picture/8215664/1200/41777920.jpeg,2026-09-20T18:16:00Z,,"Exxonmobil ist pessimistisch beim Klimawandel. Laut dem Ölkonzern, der selbst stark dazu beiträgt, gibt vor allem die Nutzung von Kohle den Ausschlag. mehr...",,de,'Kohle'
https://www.deutsche-startups.de/2026/09/21/wir-haben-unsere-entscheidungen-nie-von-trends-abhaengig-gemacht/,https://www.deutsche-startups.de/2026/09/21/wir-haben-unsere-entscheidungen-nie-von-trends-abhaengig-gemacht/,0,www.deutsche-startups.de,#Interview - „Wir haben unsere Entscheidungen nie von Trends abhängig gemacht“,"Mehr als 10.000 Eigenheimbesitzer setzen bereits auf die Deutsche Sanierungsberatung (dsb). Nun peilt das Berliner Startup 100 Millionen Euro Umsatz an. Gründer Sebastian Schmid spricht in einem Interview mit uns über Wachstum, geplatzte Finanzierungsrunden u…",https://www.deutsche-startups.de/wp-content/uploads/2026/09/ds-dsb-Kopf-Kragen.jpg,2026-09-21T06:15:00Z,,"Das Berliner Startup Deutsche Sanierungsberatung (dsb), 2024 von Sebastian Schmid, Niclas Kern und Adam Khenissi gegründet, unterstützt Hauseigentümer:innen bei der energetischen Sanierung. Dazu bünd… [+3640 chars]",,de,'Wärmepumpe'
https://www.tagesspiegel.de/internationales/naturlich-suchen-die-deutschen-nach-einer-alternative-russland-begrundet-afd-erfolg-mit-hohen-gaspreisen--und-plant-wohl-schon-treffen-16081551.html,https://www.tagesspiegel.de/internationales/naturlich-suchen-die-deutschen-nach-einer-alternative-russland-begrundet-afd-erfolg-mit-hohen-gaspreisen--und-plant-wohl-schon-treffen-16081551.html,0,www.tagesspiegel.de,„Natürlich suchen die Deutschen nach einer Alternative“: Russland begründet AfD-Erfolg mit hohen Gaspreisen – und plant wohl schon Treffen,"Kremlsprecher Peskow kann nachvollziehen, dass die Deutschen sich nach alternativen Machthabern umschauen. Unterdessen gibt es Berichte über ein geplantes Treffen mit AfD-Vertretern.",https://www.tagesspiegel.de/images/15846516/alternates/BASE_16_9_W1400/1789997409000/file-photo-russian-president-putin-holds-the-annual-press-conference-in-moscow.jpeg,2026-09-21T13:58:05Z,,"Moskau führt die jüngsten Wahlerfolge der AfD bei den Landtagswahlen auf die Abkehr Deutschlands von billigem russischem Gas zurück. Wie Kremlsprecher Dmitri Peskow am Montag erklärte, seien die Abst… [+4915 chars]",,de,'Gas'
https://www.golem.de/sonstiges/zustimmung/auswahl.html?from=https://www.golem.de/news/us-luftschlag-auf-iranische-schule-palantir-kann-keine-falschen-daten-kompensieren-2609-213289.html&referer=https://t.co/a618740288,https://www.golem.de/sonstiges/zustimmung/auswahl.html?from=https://www.golem.de/news/us-luftschlag-auf-iranische-schule-palantir-kann-keine-falschen-daten-kompensieren-2609-213289.html&referer=https://t.co/a618740288,0,www.golem.de,US-Luftschlag auf iranische Schule: Palantir kann keine falschen Daten kompensieren,"In der ersten Welle des US-Angriffs auf Iran starben 123 Kinder in einer Schule. Mitursache soll zu viel Vertrauen in Palantir-Software gewesen sein. Von Friedhelm Greis (Palantir, KI)",,2026-09-21T15:51:02Z,,"Besuchen Sie Golem.de wie gewohnt mit Werbung und Tracking,
 indem Sie der Nutzung aller Cookies zustimmen.
 Details zum Tracking finden Sie im Privacy Center.
Skript wurde nicht geladen. Informat… [+607 chars]",,de,'Kinder'
https://www.focus.de/finanzen/news/sorge-in-der-lng-branche-ich-weiss-nicht-wie-europa-durch-den-winter-kommen-wird_3c9d12ef-17e1-48d1-bbbc-859d1aa7afab.html,https://www.focus.de/finanzen/news/sorge-in-der-lng-branche-ich-weiss-nicht-wie-europa-durch-den-winter-kommen-wird_3c9d12ef-17e1-48d1-bbbc-859d1aa7afab.html,0,www.focus.de,"Sorge in der LNG-Branche: „Ich weiß nicht, wie Europa durch den Winter kommen wird“",Führungskräfte in der LNG-Branche sind besorgt. Die Gastanks der EU sind historisch schwach gefüllt. Es gibt jedoch Lichtblicke.,"https://quadro.burda-forward.de/ctf/8909c85c-40ce-486d-9a3e-8c9154e34adf.cc866d81-1a16-4b46-a95b-949a31e95de8.jpg?im=RegionOfInterestCrop=(1200,630),regionOfInterest=(1503,944)&hash=83529c14b63136440b7c4c198043f041412859caf21f4928e411053085ab7b10",2026-09-22T03:45:00Z,,"Auf der Gastech-Konferenz, die im September in Thailand stattfand, äußerten Führungskräfte der LNG-Branche große Besorgnis. Ich weiß nicht, wie Europa diesen Winter überstehen wird, war die einhellig… [+4538 chars]",,de,'Gasspeicher'
https://www.faz.net/aktuell/wirtschaft/klima-nachhaltigkeit/hohe-gaspreise-und-energieknappheit-schafft-die-gasspeicherziele-ab-201225235.html,https://www.faz.net/aktuell/wirtschaft/klima-nachhaltigkeit/hohe-gaspreise-und-energieknappheit-schafft-die-gasspeicherziele-ab-201225235.html,0,www.faz.net,Sichere Energieversorgung: Schafft die Gasspeicherziele ab!,"Europa hat wieder eine Energiekrise am Hals. Teure, überhastete Aktionen helfen aber nicht beim Aufbau von Resilienz. Was für eine sichere Versorgung nötig wäre.",https://media0.faz.net/image/w1200h627/ce5520387829/w6000h3135x0y534o/202609/43601.0.2558519129/soll-bald-fluessiggas-nach.webp,2026-09-22T04:41:14Z,,"Es ist jetzt gut vier Jahre her, dass der damalige Bundeswirtschaftsminister Robert Habeck (Grüne) die Deutschen aufforderte, weniger zu duschen, um Gas zu sparen. Der russische Machthaber Wladimir P… [+4502 chars]",,de,'Gasspeicher'
