topic,sentiment_mean,sentiment_std,subjectivity_mean,subjectivity_std,counting
Armut,0.028976066044094178,0.9682964282676301,0.2327239463096014,1.0400817487092129,105.0
Fossile Energie,0.02769292854547514,0.9534807230768921,-0.03816907849483375,0.9582036702528639,1589.0
Gesundheit,-0.09370856645501963,1.0734126265353252,0.08167469180250918,1.0286880284101758,534.0
Politik,0.011601692271156571,0.9575350074426116,-0.009925820400440223,0.9750546803486897,555.0
