topic,sentiment_mean,sentiment_std,subjectivity_mean,subjectivity_std,counting
Armut,-0.051766991233367254,0.8588166526643898,0.294286697299579,1.0227123532727476,82.0
Fossile Energie,0.04707798681667073,0.9397637540296692,-0.02992080896409071,0.9665276228255089,1072.0
Gesundheit,-0.1242963395449802,1.092269130314569,0.018280558102447095,0.9538447546598423,443.0
Politik,0.025019954162949547,0.9460053379285929,0.0034333369807408995,1.0036990215987527,453.0
