topic,sentiment_mean,sentiment_std,subjectivity_mean,subjectivity_std,counting
Armut,-0.003152001723505552,0.977035037538529,0.2453618358202771,1.0458683246812337,109.0
Fossile Energie,0.022098292771946283,0.9520192299331854,-0.04192832525729788,0.95839730554357,1601.0
Gesundheit,-0.08665659718444897,1.058445346115966,0.09430475387693699,1.032675672185584,639.0
Politik,0.03646661876420502,0.9680393998322842,-0.029129068152058204,0.9641558165155825,629.0
