topic,sentiment_mean,sentiment_std,subjectivity_mean,subjectivity_std,counting
Armut,-0.1489595178352031,0.9136095397495392,0.4965580362801772,1.1432734447209756,56.0
Fossile Energie,0.016927578021916245,0.9608611829447863,-0.031552556767827,0.9486066879742557,929.0
Gesundheit,-0.14746788650575565,1.2026669541755892,0.029440459919286708,0.9330796930048433,105.0
Politik,0.02943737866308038,0.9366833754068465,0.0060787456323637586,1.01241552595007,324.0
