topic,sentiment_mean,sentiment_std,subjectivity_mean,subjectivity_std,counting
Armut,-0.10711124462502414,1.0341812739004246,0.4133783803280035,0.9957985043749357,35.0
Fossile Energie,-0.0050860961802119495,0.9344454277462297,-0.0002793663907064005,0.9714613625218974,501.0
Gesundheit,-0.26458745186407606,1.4017952315734692,0.07054666497660783,1.039010134858101,16.0
Politik,0.09187697148062436,0.9634886591463582,-0.09765857634612589,0.8764855748368502,126.0
