week,sentiment_mean,sentiment_std,subjectivity_mean,subjectivity_std,counting
2022-39,0.25454038180465227,1.010045685188618,0.0029863172528165863,0.8903100083412822,76.0
2022-40,-0.13380086736394559,0.9178269955402043,-0.02801557267725843,1.044289832721297,119.0
2022-41,0.0107100608347942,0.9910865748778137,-0.007321921284092243,0.9017839378911013,180.0
2022-42,-0.03904016415418228,1.0283737440140952,-0.030174170286558895,0.9800734177991586,160.0
2022-43,0.08067983422112031,0.9154944905998967,0.006318234789737006,0.9777044556271018,185.0
2022-44,-0.022151911513203632,0.9537254738091614,-0.044113241957178535,0.8687887080475579,188.0
2022-45,-0.05714754177053692,0.8730594939090336,0.10413170904037722,1.070819598143005,167.0
2022-46,0.3572740762669136,1.2200941011517092,0.19635544596078977,1.1187563183751896,12.0
