topic,sentiment_mean,sentiment_std,subjectivity_mean,subjectivity_std,counting
Armut,-0.07165920066332795,0.864986251573719,0.40816197924569686,1.1093967868675685,63.0
Fossile Energie,0.042224042379104036,0.9517671196482267,-0.03715494035725706,0.9558887811656817,974.0
Gesundheit,-0.1472564017165644,1.114206576697924,0.028650125365180006,0.9097047622038927,220.0
Politik,-0.005295656514221241,0.9591123566991484,0.015235627491636117,1.0228282788935654,401.0
