topic,sentiment_mean,sentiment_std,subjectivity_mean,subjectivity_std,counting
Frühling,0.07412072761118922,0.9530275248625274,-0.06863520482782516,0.7974293792982247,131.0
Herbst,0.03890181150939782,0.9892389944460475,0.018440001334765678,1.004207486603839,342.0
Sommer,-0.008909859186838997,1.022729244517783,0.06261268910842736,1.0146076853751143,292.0
Winter,-0.04841314392614153,0.8632635529220255,-0.04222739069748525,0.9351879340008868,322.0
